date,pm25,pm10,o3,no2,so2
12/31/2013,,13,19,18,2
1/1/2014,34,11,21,23,2
1/2/2014,36,14,23,25,2
1/3/2014,40,10,30,15,2
1/4/2014,26,15,27,17,1
1/5/2014,36,19,24,23,2
1/6/2014,43,22,17,28,3
1/7/2014,81,25,6,32,7
1/8/2014,68,37,6,48,9
1/9/2014,83,32,7,41,10
1/10/2014,69,35,8,36,5
1/11/2014,76,39,4,30,4
1/12/2014,91,16,28,29,3
1/13/2014,41,14,24,22,2
1/14/2014,35,19,18,29,3
1/15/2014,44,12,24,23,2
1/16/2014,35,15,20,24,2
1/17/2014,34,10,26,22,2
1/18/2014,32,11,23,21,2
1/19/2014,38,16,29,31,3
1/20/2014,40,20,20,34,3
1/21/2014,50,8,12,26,3
1/22/2014,30,10,16,21,4
1/23/2014,25,,,,
1/26/2014,,13,30,21,3
1/27/2014,25,13,23,26,2
1/28/2014,32,17,29,26,3
1/29/2014,39,16,28,25,3
1/30/2014,39,17,27,28,3
1/31/2014,45,11,31,17,2
2/1/2014,28,15,26,22,4
2/2/2014,38,24,22,33,3
2/3/2014,49,12,22,21,2
2/4/2014,32,10,25,14,2
2/5/2014,30,17,23,19,2
2/6/2014,29,14,24,18,2
2/7/2014,35,,,,
2/8/2014,,15,25,21,2
2/9/2014,35,15,32,15,3
2/10/2014,38,16,28,26,2
2/11/2014,41,19,22,30,2
2/12/2014,48,19,22,25,3
2/13/2014,47,14,21,18,2
2/14/2014,33,11,29,21,2
2/15/2014,32,16,23,26,3
2/16/2014,42,24,15,36,5
2/17/2014,52,23,21,33,6
2/18/2014,54,30,17,46,5
2/19/2014,64,30,20,36,4
2/20/2014,60,13,32,23,3
2/21/2014,30,20,29,25,2
2/22/2014,44,17,29,24,3
2/23/2014,43,19,25,26,2
2/24/2014,45,19,24,19,2
2/25/2014,41,18,30,19,3
2/26/2014,39,24,21,26,3
2/27/2014,49,17,31,18,2
2/28/2014,36,17,30,15,2
3/1/2014,52,11,21,12,2
3/2/2014,28,14,30,15,2
3/3/2014,29,15,29,15,2
3/4/2014,36,17,24,23,5
3/5/2014,43,24,18,30,5
3/6/2014,51,26,27,31,4
3/7/2014,57,27,36,32,5
3/8/2014,55,22,40,19,4
3/9/2014,47,27,33,34,5
3/10/2014,57,28,38,30,5
3/11/2014,59,32,37,25,4
3/12/2014,66,31,32,26,3
3/13/2014,66,31,30,35,5
3/14/2014,66,33,41,30,5
3/15/2014,68,31,35,29,5
3/16/2014,56,33,34,35,4
3/17/2014,60,39,33,44,5
3/18/2014,75,27,37,22,3
3/19/2014,60,36,36,36,4
3/20/2014,72,40,32,24,3
3/21/2014,70,17,33,13,2
3/22/2014,34,13,35,15,2
3/23/2014,27,26,31,32,3
3/24/2014,53,24,36,16,3
3/25/2014,40,14,34,19,3
3/26/2014,31,19,32,30,3
3/27/2014,41,23,35,24,4
3/28/2014,49,26,33,23,4
3/29/2014,55,14,33,16,2
3/30/2014,39,45,26,26,3
3/31/2014,51,37,31,23,3
4/1/2014,43,21,27,24,2
4/2/2014,46,15,34,23,2
4/3/2014,38,19,34,20,2
4/4/2014,44,18,27,18,2
4/5/2014,41,24,29,22,3
4/6/2014,53,25,30,29,3
4/7/2014,56,23,33,28,3
4/8/2014,49,31,34,34,3
4/9/2014,61,35,36,29,3
4/10/2014,60,42,33,30,3
4/11/2014,69,31,34,15,2
4/12/2014,64,22,43,19,2
4/13/2014,53,26,40,26,3
4/14/2014,54,27,40,22,3
4/15/2014,56,27,41,29,3
4/16/2014,54,24,45,19,2
4/17/2014,48,21,44,13,2
4/18/2014,40,31,32,23,2
4/19/2014,64,20,35,9,2
4/20/2014,37,17,28,21,3
4/21/2014,40,21,32,19,2
4/22/2014,44,19,30,19,3
4/23/2014,46,27,32,21,2
4/24/2014,47,18,38,21,3
4/25/2014,37,19,28,15,1
4/26/2014,45,18,38,14,2
4/27/2014,44,19,32,19,2
4/28/2014,49,25,36,22,3
4/29/2014,56,22,35,21,2
4/30/2014,64,18,40,16,2
5/1/2014,53,22,37,17,2
5/2/2014,49,14,39,10,1
5/3/2014,46,17,44,14,2
5/4/2014,54,32,41,35,3
5/5/2014,66,36,41,33,3
5/6/2014,73,36,35,37,3
5/7/2014,70,39,47,35,3
5/8/2014,84,25,44,21,2
5/9/2014,71,29,42,23,2
5/10/2014,59,30,36,18,2
5/11/2014,51,25,41,23,2
5/12/2014,62,24,36,14,1
5/13/2014,58,24,43,16,2
5/14/2014,50,25,48,14,2
5/15/2014,61,20,46,17,2
5/16/2014,49,27,55,12,2
5/17/2014,56,28,52,16,2
5/18/2014,61,42,47,22,2
5/19/2014,80,22,38,17,2
5/20/2014,75,26,37,17,2
5/21/2014,85,22,33,17,3
5/22/2014,54,18,44,19,3
5/23/2014,54,16,52,16,2
5/24/2014,61,21,47,15,1
5/25/2014,59,19,45,18,2
5/26/2014,48,20,46,19,2
5/27/2014,57,25,35,20,2
5/28/2014,57,19,37,20,3
5/29/2014,49,15,36,19,2
5/30/2014,37,17,41,11,1
5/31/2014,38,14,40,11,2
6/1/2014,31,23,53,18,2
6/2/2014,46,31,48,25,2
6/3/2014,51,32,41,20,2
6/4/2014,52,28,56,23,3
6/5/2014,45,48,44,29,3
6/6/2014,74,29,31,13,2
6/7/2014,46,26,39,18,2
6/8/2014,47,31,41,23,2
6/9/2014,52,29,40,22,3
6/10/2014,49,41,44,22,3
6/11/2014,71,30,57,27,2
6/12/2014,59,36,56,28,2
6/13/2014,71,23,54,16,2
6/14/2014,49,23,46,11,2
6/15/2014,43,18,47,15,2
6/16/2014,41,23,67,17,3
6/17/2014,49,31,66,25,3
6/18/2014,62,44,55,14,2
6/19/2014,76,40,53,18,2
6/20/2014,68,25,39,14,2
6/21/2014,50,23,42,19,2
6/22/2014,47,27,44,22,3
6/23/2014,51,32,37,20,2
6/24/2014,58,21,54,23,2
6/25/2014,48,34,46,26,2
6/26/2014,67,27,46,29,3
6/27/2014,57,25,31,21,3
6/28/2014,47,16,46,13,2
6/29/2014,34,25,48,21,3
6/30/2014,45,30,38,24,3
7/1/2014,53,26,42,18,3
7/2/2014,48,37,35,23,3
7/3/2014,65,26,48,26,3
7/4/2014,47,25,59,26,3
7/5/2014,56,23,30,18,3
7/6/2014,48,20,41,22,3
7/7/2014,39,21,47,24,3
7/8/2014,49,19,38,17,2
7/9/2014,42,26,49,16,3
7/10/2014,33,21,53,18,3
7/11/2014,45,19,48,13,2
7/12/2014,44,20,48,14,2
7/13/2014,46,27,55,26,3
7/14/2014,56,36,64,26,2
7/15/2014,64,45,68,37,3
7/16/2014,76,56,53,45,3
7/17/2014,90,61,53,37,3
7/18/2014,95,29,35,14,2
7/19/2014,56,15,34,12,2
7/20/2014,39,21,57,18,2
7/21/2014,46,29,67,23,3
7/22/2014,51,38,63,30,3
7/23/2014,61,35,64,29,2
7/24/2014,62,34,60,32,2
7/25/2014,63,39,73,22,3
7/26/2014,74,36,73,19,3
7/27/2014,73,39,60,26,3
7/28/2014,69,21,43,12,2
7/29/2014,36,21,57,17,2
7/30/2014,40,46,53,27,4
7/31/2014,70,45,47,20,3
8/1/2014,76,23,40,13,3
8/2/2014,51,20,37,11,3
8/3/2014,38,33,46,21,3
8/4/2014,51,45,61,19,3
8/5/2014,70,44,55,23,3
8/6/2014,69,36,50,23,2
8/7/2014,55,38,40,24,3
8/8/2014,51,30,36,21,3
8/9/2014,52,27,46,15,3
8/10/2014,51,30,48,19,2
8/11/2014,53,51,45,23,2
8/12/2014,56,21,51,13,3
8/13/2014,37,25,51,12,3
8/14/2014,46,29,60,11,3
8/15/2014,52,29,52,10,3
8/16/2014,58,28,28,24,3
8/17/2014,56,42,47,21,3
8/18/2014,63,27,51,23,3
8/19/2014,52,39,55,21,3
8/20/2014,71,39,40,19,3
8/21/2014,62,37,43,19,3
8/22/2014,52,21,48,13,2
8/23/2014,42,33,49,20,2
8/24/2014,56,37,50,34,3
8/25/2014,59,39,34,26,3
8/26/2014,64,37,35,18,2
8/27/2014,58,41,38,30,4
8/28/2014,64,40,43,24,3
8/29/2014,60,36,45,18,3
8/30/2014,64,33,55,17,2
8/31/2014,66,36,53,25,3
9/1/2014,59,45,46,30,3
9/2/2014,68,46,44,28,3
9/3/2014,72,31,34,22,3
9/4/2014,51,41,41,31,3
9/5/2014,60,33,33,24,3
9/6/2014,53,32,34,23,3
9/7/2014,52,27,45,24,2
9/8/2014,47,31,47,26,2
9/9/2014,49,41,52,34,1
9/10/2014,65,31,38,23,1
9/11/2014,47,27,38,26,1
9/12/2014,44,26,41,24,2
9/13/2014,46,29,36,24,1
9/14/2014,46,29,37,24,2
9/15/2014,44,33,37,28,2
9/16/2014,50,30,33,21,1
9/17/2014,55,25,32,23,1
9/18/2014,49,21,31,24,1
9/19/2014,46,22,35,25,1
9/20/2014,43,21,42,20,2
9/21/2014,45,26,34,24,1
9/22/2014,49,21,37,23,1
9/23/2014,45,22,30,28,1
9/24/2014,51,31,37,25,2
9/25/2014,78,35,40,27,2
9/26/2014,77,32,35,26,1
9/27/2014,71,26,29,19,1
9/28/2014,67,31,35,35,1
9/29/2014,69,26,37,36,2
9/30/2014,58,34,30,30,2
10/1/2014,68,28,33,25,1
10/2/2014,56,34,37,32,1
10/3/2014,62,30,42,32,1
10/4/2014,60,29,43,25,1
10/5/2014,60,33,36,31,2
10/6/2014,59,22,29,21,1
10/7/2014,42,26,24,24,1
10/8/2014,48,21,15,21,1
10/9/2014,48,13,17,27,1
10/10/2014,37,,,,
10/11/2014,,11,33,11,1
10/12/2014,31,17,29,19,1
10/13/2014,40,15,31,28,1
10/14/2014,41,38,23,28,2
10/15/2014,53,32,21,26,2
10/16/2014,50,30,25,32,2
10/17/2014,58,34,28,35,2
10/18/2014,65,38,31,27,2
10/19/2014,64,51,20,40,3
10/20/2014,79,64,28,59,5
10/21/2014,106,40,29,34,2
10/22/2014,64,45,22,44,3
10/23/2014,79,48,19,40,3
10/24/2014,79,36,26,30,2
10/25/2014,61,35,24,30,2
10/26/2014,69,46,20,40,3
10/27/2014,69,51,22,46,4
10/28/2014,95,51,21,48,3
10/29/2014,87,50,18,51,5
10/30/2014,101,41,24,37,3
10/31/2014,77,40,27,37,4
11/1/2014,74,33,27,31,3
11/2/2014,70,17,28,26,2
11/3/2014,37,14,32,22,3
11/4/2014,33,17,30,27,4
11/5/2014,47,23,27,28,4
11/6/2014,52,20,26,25,3
11/7/2014,44,20,32,24,3
11/8/2014,42,14,33,21,3
11/9/2014,33,20,27,27,4
11/10/2014,53,17,21,30,3
11/11/2014,48,18,27,24,2
11/12/2014,42,22,14,32,3
11/13/2014,49,18,29,26,2
11/14/2014,38,16,29,18,2
11/15/2014,35,15,27,18,2
11/16/2014,36,19,31,28,3
11/17/2014,44,28,14,42,4
11/18/2014,62,28,16,38,6
11/19/2014,66,27,20,34,6
11/20/2014,58,33,14,35,5
11/21/2014,66,39,14,28,6
11/22/2014,65,75,12,25,4
11/23/2014,95,57,14,31,5
11/24/2014,84,55,15,37,5
11/25/2014,101,23,27,28,3
11/26/2014,48,18,15,29,4
11/27/2014,42,14,24,29,3
11/28/2014,39,14,21,30,4
11/29/2014,41,23,20,31,4
11/30/2014,64,21,26,30,5
12/1/2014,45,17,25,30,5
12/2/2014,45,12,12,26,5
12/3/2014,34,22,18,25,4
12/4/2014,39,27,16,35,5
12/5/2014,60,19,28,29,3
12/6/2014,46,14,32,24,3
12/7/2014,34,22,22,40,3
12/8/2014,54,27,26,45,4
12/9/2014,93,41,15,53,6
12/10/2014,75,41,6,62,9
12/11/2014,92,40,8,49,6
12/12/2014,74,30,15,28,3
12/13/2014,61,18,21,25,4
12/14/2014,45,14,20,29,6
12/15/2014,40,34,7,49,7
12/16/2014,73,42,4,55,7
12/17/2014,81,46,4,63,9
12/18/2014,99,51,3,67,9
12/19/2014,113,33,8,42,8
12/20/2014,79,18,17,31,6
12/21/2014,51,21,15,34,7
12/22/2014,48,33,13,48,7
12/23/2014,70,32,9,36,6
12/24/2014,74,19,22,25,6
12/25/2014,52,31,9,41,7
12/26/2014,66,32,15,30,5
12/27/2014,74,22,31,17,5
12/28/2014,37,,,,
12/31/2014,,47,10,65,11
1/1/2015,107,36,5,62,10
1/2/2015,77,34,6,57,10
1/3/2015,77,36,9,58,12
1/4/2015,75,33,8,55,9
1/5/2015,74,33,8,47,8
1/6/2015,84,38,8,57,9
1/7/2015,78,33,8,51,8
1/8/2015,65,39,7,65,11
1/9/2015,67,31,11,53,9
1/10/2015,57,28,10,39,9
1/11/2015,61,24,18,41,8
1/12/2015,37,29,15,40,6
1/13/2015,59,36,8,42,6
1/14/2015,77,22,18,34,4
1/15/2015,56,14,31,30,4
1/16/2015,41,23,30,29,4
1/17/2015,41,16,15,24,3
1/18/2015,45,13,31,26,6
1/19/2015,29,25,21,43,5
1/20/2015,55,18,26,35,4
1/21/2015,49,18,31,31,5
1/22/2015,37,24,25,41,7
1/23/2015,57,24,23,39,7
1/24/2015,61,13,30,30,7
1/25/2015,39,28,15,49,8
1/26/2015,64,23,22,40,7
1/27/2015,61,32,17,48,7
1/28/2015,73,25,25,37,5
1/29/2015,56,13,26,20,3
1/30/2015,30,9,34,19,3
1/31/2015,21,8,33,16,3
2/1/2015,23,12,29,26,3
2/2/2015,35,10,31,27,3
2/3/2015,25,10,33,24,5
2/4/2015,29,12,33,21,6
2/5/2015,33,12,31,27,6
2/6/2015,31,16,16,29,6
2/7/2015,49,17,26,23,7
2/8/2015,54,17,29,24,5
2/9/2015,52,20,27,28,5
2/10/2015,56,24,20,32,6
2/11/2015,55,32,20,32,6
2/12/2015,63,34,31,33,4
2/13/2015,77,18,29,19,3
2/14/2015,46,11,26,18,4
2/15/2015,35,15,26,22,4
2/16/2015,39,12,31,18,5
2/17/2015,28,12,27,21,6
2/18/2015,37,24,26,31,5
2/19/2015,59,37,28,40,5
2/20/2015,85,14,34,17,4
2/21/2015,44,14,32,26,4
2/22/2015,39,16,26,21,4
2/23/2015,40,12,32,19,3
2/24/2015,30,15,31,24,4
2/25/2015,33,19,24,28,5
2/26/2015,46,15,31,28,6
2/27/2015,38,18,25,29,5
2/28/2015,44,15,25,19,4
3/1/2015,37,23,17,21,4
3/2/2015,56,35,13,26,4
3/3/2015,80,24,32,27,6
3/4/2015,57,13,31,27,6
3/5/2015,33,24,26,37,5
3/6/2015,46,40,23,46,8
3/7/2015,71,32,30,38,7
3/8/2015,62,30,28,48,7
3/9/2015,54,37,28,48,5
3/10/2015,62,44,31,52,6
3/11/2015,80,45,30,50,6
3/12/2015,92,35,29,30,6
3/13/2015,70,13,36,17,5
3/14/2015,26,19,34,19,5
3/15/2015,52,27,30,30,5
3/16/2015,64,33,32,28,5
3/17/2015,74,16,36,26,4
3/18/2015,52,14,28,17,4
3/19/2015,37,21,30,19,4
3/20/2015,55,13,28,18,4
3/21/2015,44,11,28,17,5
3/22/2015,33,12,19,28,5
3/23/2015,42,10,30,21,5
3/24/2015,34,8,34,16,5
3/25/2015,20,15,29,25,4
3/26/2015,36,14,22,22,5
3/27/2015,36,25,28,27,5
3/28/2015,61,16,34,18,4
3/29/2015,38,24,37,30,4
3/30/2015,54,31,35,37,5
3/31/2015,59,17,35,21,3
4/1/2015,41,16,36,14,3
4/2/2015,31,17,32,14,3
4/3/2015,28,20,39,13,3
4/4/2015,31,13,40,13,3
4/5/2015,24,20,35,18,3
4/6/2015,41,24,38,16,3
4/7/2015,52,19,42,16,3
4/8/2015,40,17,38,24,3
4/9/2015,45,26,30,25,4
4/10/2015,64,24,39,21,3
4/11/2015,56,31,40,18,3
4/12/2015,60,42,41,20,3
4/13/2015,64,45,39,21,3
4/14/2015,65,32,39,24,3
4/15/2015,60,20,31,22,2
4/16/2015,56,22,39,22,3
4/17/2015,57,27,37,25,3
4/18/2015,57,10,39,16,2
4/19/2015,30,15,40,22,3
4/20/2015,38,19,41,24,3
4/21/2015,42,20,42,21,3
4/22/2015,45,28,43,31,4
4/23/2015,58,33,39,36,4
4/24/2015,61,17,34,17,3
4/25/2015,38,9,31,16,3
4/26/2015,32,11,33,22,3
4/27/2015,35,13,35,24,3
4/28/2015,41,17,36,22,3
4/29/2015,48,23,35,29,4
4/30/2015,56,18,30,17,3
5/1/2015,46,16,17,12,2
5/2/2015,44,23,28,19,3
5/3/2015,47,31,34,22,4
5/4/2015,58,18,38,17,3
5/5/2015,38,20,43,23,3
5/6/2015,43,30,51,35,4
5/7/2015,53,26,35,25,4
5/8/2015,48,19,18,27,4
5/9/2015,48,,,,
5/11/2015,,40,61,38,5
5/12/2015,68,57,38,46,5
5/13/2015,85,51,45,35,4
5/14/2015,72,23,40,10,1
5/15/2015,29,19,41,12,3
5/16/2015,25,16,42,14,3
5/17/2015,30,27,51,30,5
5/18/2015,50,27,32,21,4
5/19/2015,43,14,39,15,3
5/20/2015,30,13,40,15,3
5/21/2015,27,17,39,17,3
5/22/2015,34,18,38,12,4
5/23/2015,37,17,40,11,3
5/24/2015,32,16,40,17,4
5/25/2015,42,16,41,18,3
5/26/2015,38,17,36,19,3
5/27/2015,35,30,55,27,4
5/28/2015,52,35,45,35,5
5/29/2015,56,24,48,24,5
5/30/2015,54,24,44,18,2
5/31/2015,52,29,45,26,5
6/1/2015,53,29,47,24,4
6/2/2015,55,36,51,23,4
6/3/2015,60,24,49,15,4
6/4/2015,42,28,53,21,5
6/5/2015,54,33,61,21,4
6/6/2015,57,25,64,15,4
6/7/2015,48,29,66,25,5
6/8/2015,51,41,52,29,4
6/9/2015,61,,,,
6/21/2015,,33,57,37,6
6/22/2015,68,28,50,30,5
6/23/2015,62,18,57,24,4
6/24/2015,49,25,59,25,4
6/25/2015,55,35,62,40,5
6/26/2015,70,34,66,33,5
6/27/2015,73,33,63,29,5
6/28/2015,73,37,71,32,6
6/29/2015,73,48,60,35,6
6/30/2015,76,40,54,31,5
7/1/2015,64,25,44,24,5
7/2/2015,49,43,43,24,6
7/3/2015,65,35,47,17,5
7/4/2015,59,41,49,23,5
7/5/2015,67,52,43,38,5
7/6/2015,77,52,43,41,5
7/7/2015,75,38,50,38,5
7/8/2015,66,33,66,28,4
7/9/2015,53,35,55,43,5
7/10/2015,65,29,81,24,3
7/11/2015,57,30,68,19,4
7/12/2015,58,33,92,28,5
7/13/2015,59,42,83,28,3
7/14/2015,63,41,93,34,5
7/15/2015,67,51,63,39,3
7/16/2015,76,43,66,29,5
7/17/2015,68,28,53,18,4
7/18/2015,50,21,37,19,5
7/19/2015,53,21,50,24,3
7/20/2015,44,25,39,28,3
7/21/2015,54,23,38,21,3
7/22/2015,51,23,43,23,4
7/23/2015,51,26,39,33,5
7/24/2015,59,19,57,15,4
7/25/2015,46,27,51,15,4
7/26/2015,56,20,40,21,4
7/27/2015,47,26,44,27,4
7/28/2015,51,23,40,27,5
7/29/2015,47,21,34,21,5
7/30/2015,46,19,28,21,5
7/31/2015,42,13,64,10,5
8/1/2015,34,27,55,15,5
8/2/2015,53,41,45,31,5
8/3/2015,64,33,51,22,5
8/4/2015,58,32,48,32,5
8/5/2015,62,35,47,34,5
8/6/2015,56,51,41,33,5
8/7/2015,76,63,52,16,4
8/8/2015,108,21,57,10,3
8/9/2015,45,31,49,19,5
8/10/2015,51,48,20,34,5
8/11/2015,71,,,,
8/24/2015,,19,44,20,6
8/25/2015,38,33,45,32,5
8/26/2015,55,25,38,27,5
8/27/2015,48,25,49,28,6
8/28/2015,52,34,44,21,6
8/29/2015,55,39,38,11,6
8/30/2015,56,34,34,21,6
8/31/2015,62,22,30,24,5
9/1/2015,51,26,46,22,5
9/2/2015,54,26,49,23,5
9/3/2015,53,18,42,18,4
9/4/2015,41,17,42,12,3
9/5/2015,41,19,47,16,4
9/6/2015,43,20,37,21,4
9/7/2015,46,21,42,26,4
9/8/2015,49,27,46,35,6
9/9/2015,56,26,33,31,5
9/10/2015,52,28,22,37,6
9/11/2015,52,,,,
9/13/2015,,15,35,17,5
9/14/2015,34,22,34,22,5
9/15/2015,42,17,24,18,4
9/16/2015,39,12,32,21,5
9/17/2015,33,14,32,26,4
9/18/2015,37,21,39,29,5
9/19/2015,49,26,45,33,6
9/20/2015,58,30,51,42,6
9/21/2015,62,26,46,41,5
9/22/2015,54,20,33,23,4
9/23/2015,51,19,29,25,5
9/24/2015,42,23,35,31,5
9/25/2015,50,27,38,36,5
9/26/2015,58,24,40,28,5
9/27/2015,51,23,36,22,5
9/28/2015,48,23,36,25,4
9/29/2015,47,20,37,26,3
9/30/2015,45,29,42,38,5
10/1/2015,60,25,39,32,5
10/2/2015,52,29,35,33,5
10/3/2015,60,28,25,22,2
10/4/2015,60,27,27,23,4
10/5/2015,57,15,27,20,3
10/6/2015,36,16,28,26,4
10/7/2015,42,19,32,30,4
10/8/2015,47,26,30,38,5
10/9/2015,62,30,35,37,5
10/10/2015,70,18,23,21,3
10/11/2015,51,14,25,15,3
10/12/2015,39,19,15,26,5
10/13/2015,54,21,18,27,5
10/14/2015,59,23,26,36,5
10/15/2015,57,30,28,45,7
10/16/2015,66,27,29,34,5
10/17/2015,68,19,19,21,3
10/18/2015,55,18,26,26,4
10/19/2015,51,14,35,25,5
10/20/2015,38,17,28,28,6
10/21/2015,46,27,25,37,7
10/22/2015,60,31,14,37,7
10/23/2015,65,30,24,34,7
10/24/2015,70,21,36,23,5
10/25/2015,56,17,28,20,6
10/26/2015,51,14,38,21,5
10/27/2015,43,13,39,22,5
10/28/2015,35,40,32,28,4
10/29/2015,65,29,23,34,7
10/30/2015,78,23,34,23,5
10/31/2015,59,16,43,19,5
11/1/2015,46,12,36,23,5
11/2/2015,38,13,31,25,5
11/3/2015,35,25,16,32,4
11/4/2015,61,23,31,33,4
11/5/2015,57,39,14,44,8
11/6/2015,87,32,20,32,7
11/7/2015,80,21,32,28,8
11/8/2015,58,23,25,36,8
11/9/2015,59,40,11,54,10
11/10/2015,87,44,9,56,10
11/11/2015,91,39,17,53,9
11/12/2015,84,36,14,46,9
11/13/2015,78,25,23,26,6
11/14/2015,60,30,17,30,7
11/15/2015,78,41,16,39,8
11/16/2015,98,51,7,44,8
11/17/2015,115,46,7,48,9
11/18/2015,100,44,8,48,8
11/19/2015,90,40,20,46,9
11/20/2015,89,18,37,19,7
11/21/2015,40,9,35,21,6
11/22/2015,26,10,33,25,8
11/23/2015,25,29,18,47,8
11/24/2015,68,17,37,32,7
11/25/2015,42,23,38,40,9
11/26/2015,49,20,32,40,9
11/27/2015,47,23,28,37,9
11/28/2015,58,25,16,37,9
11/29/2015,65,43,14,55,13
11/30/2015,91,48,8,52,10
12/1/2015,86,57,5,58,12
12/2/2015,115,53,11,53,10
12/3/2015,107,53,5,57,11
12/4/2015,115,49,11,51,11
12/5/2015,101,34,14,33,9
12/6/2015,79,31,8,31,9
12/7/2015,77,41,9,30,9
12/8/2015,98,31,14,33,9
12/9/2015,73,30,14,34,9
12/10/2015,74,23,19,31,8
12/11/2015,59,21,22,26,6
12/12/2015,54,34,14,34,8
12/13/2015,79,39,18,33,7
12/14/2015,77,53,15,42,8
12/15/2015,96,53,5,42,10
12/16/2015,101,59,5,47,11
12/17/2015,107,57,5,47,11
12/18/2015,109,55,8,47,10
12/19/2015,112,46,12,32,8
12/20/2015,86,53,7,41,9
12/21/2015,102,43,8,45,9
12/22/2015,91,45,7,48,10
12/23/2015,96,47,5,40,9
12/24/2015,110,49,12,38,10
12/25/2015,118,39,13,32,9
12/26/2015,97,25,21,25,8
12/27/2015,66,30,20,29,7
12/28/2015,61,26,25,26,6
12/29/2015,59,22,26,27,6
12/30/2015,49,,,,
1/2/2016,,12,20,20,6
1/3/2016,34,7,20,15,5
1/4/2016,22,10,36,24,6
1/5/2016,31,8,32,17,5
1/6/2016,26,9,29,15,5
1/7/2016,24,11,26,20,6
1/8/2016,29,9,30,20,4
1/9/2016,29,8,29,12,5
1/10/2016,25,12,33,21,5
1/11/2016,29,19,31,29,7
1/12/2016,45,29,17,40,9
1/13/2016,66,31,16,38,8
1/14/2016,74,14,34,24,9
1/15/2016,42,10,36,27,10
1/16/2016,30,20,18,31,9
1/17/2016,58,21,33,30,7
1/18/2016,53,26,39,37,8
1/19/2016,54,33,16,38,8
1/20/2016,76,34,15,30,7
1/21/2016,81,41,4,32,9
1/22/2016,99,30,9,36,10
1/23/2016,79,25,15,32,10
1/24/2016,67,33,8,36,10
1/25/2016,82,40,8,31,9
1/26/2016,99,52,5,30,8
1/27/2016,118,33,19,30,7
1/28/2016,85,16,17,30,9
1/29/2016,49,18,24,26,7
1/30/2016,54,20,27,29,7
1/31/2016,56,38,8,40,9
2/1/2016,85,41,6,38,9
2/2/2016,96,19,29,26,8
2/3/2016,51,12,27,28,9
2/4/2016,33,22,16,34,9
2/5/2016,53,36,18,29,8
2/6/2016,81,11,32,18,8
2/7/2016,29,15,23,21,6
2/8/2016,35,10,24,16,5
2/9/2016,26,11,25,18,7
2/10/2016,27,11,29,21,7
2/11/2016,28,10,24,17,7
2/12/2016,31,7,16,12,7
2/13/2016,23,8,34,15,7
2/14/2016,20,8,34,18,8
2/15/2016,20,8,32,21,10
2/16/2016,22,19,28,32,8
2/17/2016,47,13,27,25,8
2/18/2016,39,11,29,25,10
2/19/2016,32,14,30,32,11
2/20/2016,41,50,29,28,10
2/21/2016,84,160,28,36,10
2/22/2016,159,51,30,36,9
2/23/2016,68,38,22,32,7
2/24/2016,68,15,33,26,7
2/25/2016,38,12,23,25,6
2/26/2016,37,7,33,17,5
2/27/2016,22,7,32,18,8
2/28/2016,22,14,36,26,10
2/29/2016,37,27,29,42,9
3/1/2016,59,25,32,36,9
3/2/2016,54,17,37,27,8
3/3/2016,40,25,28,35,7
3/4/2016,59,10,34,18,4
3/5/2016,28,8,34,18,5
3/6/2016,25,9,34,20,10
3/7/2016,27,9,35,21,9
3/8/2016,24,16,34,31,8
3/9/2016,40,11,35,19,9
3/10/2016,25,10,36,21,9
3/11/2016,28,17,32,25,8
3/12/2016,50,20,39,23,8
3/13/2016,57,24,41,24,8
3/14/2016,64,24,35,27,8
3/15/2016,61,34,41,41,9
3/16/2016,73,26,34,36,8
3/17/2016,62,23,36,28,7
3/18/2016,57,13,30,18,6
3/19/2016,43,12,30,20,7
3/20/2016,41,12,30,25,8
3/21/2016,40,12,33,23,7
3/22/2016,37,20,36,27,8
3/23/2016,57,19,36,21,6
3/24/2016,58,22,37,29,8
3/25/2016,60,23,22,21,6
3/26/2016,63,9,34,11,5
3/27/2016,24,15,26,20,6
3/28/2016,34,18,33,25,6
3/29/2016,41,24,41,36,6
3/30/2016,54,13,34,24,8
3/31/2016,31,9,38,18,8
4/1/2016,25,15,42,21,7
4/2/2016,40,17,34,22,5
4/3/2016,46,13,27,27,5
4/4/2016,40,12,38,21,8
4/5/2016,36,11,39,23,8
4/6/2016,34,14,35,26,7
4/7/2016,39,9,37,18,7
4/8/2016,24,14,37,22,6
4/9/2016,36,13,35,15,5
4/10/2016,34,13,30,20,5
4/11/2016,32,12,32,24,5
4/12/2016,40,12,34,23,5
4/13/2016,38,18,32,27,6
4/14/2016,53,21,32,30,6
4/15/2016,55,10,26,19,6
4/16/2016,36,9,37,18,4
4/17/2016,24,13,39,22,6
4/18/2016,38,17,31,26,5
4/19/2016,47,13,27,29,7
4/20/2016,45,12,36,23,6
4/21/2016,32,16,32,30,6
4/22/2016,43,18,32,27,8
4/23/2016,50,9,37,18,7
4/24/2016,27,13,37,23,6
4/25/2016,39,17,39,31,8
4/26/2016,47,23,38,33,7
4/27/2016,54,12,35,21,5
4/28/2016,38,15,30,22,6
4/29/2016,42,14,39,16,5
4/30/2016,44,10,38,10,5
5/1/2016,23,12,47,15,6
5/2/2016,26,15,41,31,7
5/3/2016,39,23,49,37,7
5/4/2016,47,24,39,36,7
5/5/2016,52,16,34,24,7
5/6/2016,49,13,32,16,4
5/7/2016,41,10,31,14,5
5/8/2016,34,9,28,20,6
5/9/2016,31,13,28,25,6
5/10/2016,37,11,33,25,6
5/11/2016,32,10,32,22,6
5/12/2016,31,11,30,24,5
5/13/2016,31,10,38,19,7
5/14/2016,35,12,43,20,7
5/15/2016,41,14,47,16,6
5/16/2016,47,17,49,26,6
5/17/2016,47,25,43,35,7
5/18/2016,60,16,37,20,6
5/19/2016,45,17,39,24,7
5/20/2016,45,28,45,34,7
5/21/2016,64,23,38,16,6
5/22/2016,47,16,38,20,7
5/23/2016,35,27,35,30,7
5/24/2016,51,18,35,22,6
5/25/2016,41,22,40,28,6
5/26/2016,50,26,41,31,7
5/27/2016,57,16,33,23,5
5/28/2016,41,10,28,15,4
5/29/2016,30,13,39,21,7
5/30/2016,35,11,44,19,8
5/31/2016,36,15,46,23,7
6/1/2016,44,16,53,28,6
6/2/2016,41,31,48,37,8
6/3/2016,60,21,46,24,7
6/4/2016,56,19,45,18,6
6/5/2016,51,25,37,30,8
6/6/2016,57,21,41,27,8
6/7/2016,51,26,46,39,8
6/8/2016,59,32,42,38,8
6/9/2016,59,31,41,32,7
6/10/2016,61,20,42,17,6
6/11/2016,49,18,36,18,6
6/12/2016,44,19,29,16,8
6/13/2016,42,20,30,18,7
6/14/2016,41,17,27,18,7
6/15/2016,28,17,29,20,9
6/16/2016,35,15,35,21,6
6/17/2016,33,13,35,11,4
6/18/2016,36,12,39,12,5
6/19/2016,31,16,32,22,8
6/20/2016,47,20,43,23,8
6/21/2016,49,21,42,22,7
6/22/2016,35,30,44,25,7
6/23/2016,52,37,40,41,8
6/24/2016,64,26,53,18,7
6/25/2016,57,24,52,13,3
6/26/2016,52,26,64,20,7
6/27/2016,60,42,47,31,7
6/28/2016,85,49,43,32,7
6/29/2016,75,30,45,31,7
6/30/2016,62,26,41,31,8
7/1/2016,56,21,45,27,8
7/2/2016,55,27,55,14,4
7/3/2016,60,38,46,23,6
7/4/2016,70,25,54,25,4
7/5/2016,61,31,63,25,6
7/6/2016,66,23,40,25,4
7/7/2016,55,27,64,35,4
7/8/2016,58,25,76,24,5
7/9/2016,62,34,55,30,5
7/10/2016,66,25,40,33,4
7/11/2016,59,19,47,27,2
7/12/2016,47,16,41,15,2
7/13/2016,38,14,46,16,2
7/14/2016,33,17,50,19,2
7/15/2016,35,27,59,28,3
7/16/2016,56,25,54,20,2
7/17/2016,51,26,44,26,2
7/18/2016,52,36,49,26,3
7/19/2016,57,72,39,32,2
7/20/2016,97,33,49,36,3
7/21/2016,61,24,57,24,2
7/22/2016,51,12,32,9,2
7/23/2016,29,14,50,10,2
7/24/2016,33,17,52,15,2
7/25/2016,37,28,62,25,3
7/26/2016,49,31,78,30,2
7/27/2016,65,29,71,25,2
7/28/2016,59,36,58,34,3
7/29/2016,69,40,48,27,2
7/30/2016,70,23,50,17,2
7/31/2016,54,22,61,17,2
8/1/2016,53,30,62,28,2
8/2/2016,57,36,65,38,3
8/3/2016,64,29,50,30,3
8/4/2016,54,17,45,13,2
8/5/2016,45,16,43,14,2
8/6/2016,36,19,45,14,2
8/7/2016,43,26,54,23,3
8/8/2016,47,26,47,26,2
8/9/2016,47,14,41,10,2
8/10/2016,33,15,45,13,3
8/11/2016,31,25,56,18,2
8/12/2016,51,23,52,16,2
8/13/2016,53,20,43,13,2
8/14/2016,49,29,44,16,2
8/15/2016,49,43,43,26,2
8/16/2016,71,37,45,29,2
8/17/2016,63,27,44,23,2
8/18/2016,53,23,39,23,3
8/19/2016,53,17,43,14,2
8/20/2016,46,30,56,14,2
8/21/2016,50,30,48,21,2
8/22/2016,54,33,44,26,3
8/23/2016,62,25,44,22,3
8/24/2016,45,22,44,23,3
8/25/2016,43,30,48,23,3
8/26/2016,49,39,45,22,3
8/27/2016,69,56,46,30,3
8/28/2016,84,33,53,25,3
8/29/2016,67,29,49,21,3
8/30/2016,50,34,51,26,3
8/31/2016,63,33,46,24,3
9/1/2016,60,31,50,36,3
9/2/2016,55,35,49,39,4
9/3/2016,68,44,37,39,5
9/4/2016,80,54,43,41,4
9/5/2016,89,48,39,44,4
9/6/2016,72,52,31,47,5
9/7/2016,75,46,56,36,4
9/8/2016,86,30,43,26,3
9/9/2016,61,25,53,20,3
9/10/2016,58,29,51,24,3
9/11/2016,63,38,42,35,4
9/12/2016,69,31,30,21,3
9/13/2016,54,13,27,21,3
9/14/2016,37,14,30,26,3
9/15/2016,35,16,27,26,3
9/16/2016,43,13,28,16,2
9/17/2016,37,15,33,16,3
9/18/2016,35,19,30,26,3
9/19/2016,40,20,39,29,4
9/20/2016,49,27,43,36,4
9/21/2016,65,30,42,41,4
9/22/2016,64,34,40,43,5
9/23/2016,70,34,41,36,4
9/24/2016,72,35,42,35,4
9/25/2016,76,36,35,27,4
9/26/2016,99,39,35,23,3
9/27/2016,57,25,27,16,3
9/28/2016,71,33,39,28,4
9/29/2016,78,39,37,34,5
9/30/2016,95,32,41,36,4
10/1/2016,59,33,37,29,4
10/2/2016,58,34,38,37,5
10/3/2016,67,41,37,43,5
10/4/2016,66,55,38,45,6
10/5/2016,72,46,40,48,6
10/6/2016,72,32,35,42,5
10/7/2016,61,30,35,43,5
10/8/2016,63,30,41,29,4
10/9/2016,66,22,33,27,5
10/10/2016,52,29,43,35,4
10/11/2016,56,19,33,19,4
10/12/2016,55,14,24,23,3
10/13/2016,40,16,21,24,3
10/14/2016,47,21,33,30,4
10/15/2016,57,21,33,31,4
10/16/2016,56,25,18,34,5
10/17/2016,64,18,21,26,4
10/18/2016,52,24,12,32,5
10/19/2016,67,27,8,30,5
10/20/2016,72,27,14,29,5
10/21/2016,66,25,10,25,5
10/22/2016,67,10,21,13,4
10/23/2016,35,12,22,23,4
10/24/2016,41,23,18,29,5
10/25/2016,49,53,12,37,6
10/26/2016,79,49,16,38,7
10/27/2016,80,46,16,35,6
10/28/2016,81,36,23,38,5
10/29/2016,75,24,26,42,7
10/30/2016,61,29,17,47,6
10/31/2016,65,30,27,38,5
11/1/2016,74,37,19,39,5
11/2/2016,79,43,15,44,6
11/3/2016,78,30,7,34,4
11/4/2016,68,19,22,19,3
11/5/2016,62,24,30,21,3
11/6/2016,82,14,26,26,4
11/7/2016,46,13,28,28,4
11/8/2016,37,12,28,20,3
11/9/2016,34,26,18,41,5
11/10/2016,63,32,9,42,6
11/11/2016,75,30,8,34,5
11/12/2016,76,26,22,28,6
11/13/2016,66,11,25,24,5
11/14/2016,30,16,24,31,7
11/15/2016,38,28,14,41,7
11/16/2016,62,41,8,52,9
11/17/2016,88,40,10,41,6
11/18/2016,92,33,19,31,3
11/19/2016,84,13,20,19,1
11/20/2016,43,11,27,22,1
11/21/2016,29,17,15,33,2
11/22/2016,47,14,15,28,3
11/23/2016,43,16,20,31,2
11/24/2016,48,13,16,29,2
11/25/2016,44,11,16,28,2
11/26/2016,40,11,17,24,2
11/27/2016,38,17,26,21,3
11/28/2016,34,18,11,31,4
11/29/2016,50,12,22,27,2
11/30/2016,36,14,26,28,3
12/1/2016,39,24,13,35,3
12/2/2016,62,22,14,28,3
12/3/2016,62,10,20,21,2
12/4/2016,35,14,16,23,3
12/5/2016,41,,,,
12/6/2016,,41,6,37,4
12/7/2016,91,27,20,31,4
12/8/2016,71,23,15,36,5
12/9/2016,65,21,18,31,3
12/10/2016,61,25,14,29,3
12/11/2016,71,41,3,40,4
12/12/2016,100,39,4,38,5
12/13/2016,96,32,6,32,3
12/14/2016,79,22,13,28,2
12/15/2016,65,17,10,28,3
12/16/2016,54,11,26,18,3
12/17/2016,38,12,28,17,3
12/18/2016,40,16,29,27,5
12/19/2016,45,27,15,45,6
12/20/2016,68,33,13,48,7
12/21/2016,74,37,4,49,7
12/22/2016,89,37,6,44,6
12/23/2016,89,17,18,27,6
12/24/2016,54,20,10,28,5
12/25/2016,60,38,5,49,10
12/26/2016,98,38,10,54,9
12/27/2016,88,36,7,49,7
12/28/2016,80,38,5,48,8
12/29/2016,87,38,4,54,10
12/30/2016,89,36,8,33,6
12/31/2016,94,33,13,29,5
1/1/2017,90,28,13,30,6
1/2/2017,79,39,7,37,6
1/3/2017,95,45,12,45,6
1/4/2017,106,37,6,38,5
1/5/2017,91,29,17,40,7
1/6/2017,77,26,11,39,6
1/7/2017,73,34,10,41,7
1/8/2017,88,35,9,46,6
1/9/2017,80,38,5,47,8
1/10/2017,89,21,21,38,6
1/11/2017,53,29,16,38,6
1/12/2017,71,12,30,24,4
1/13/2017,36,13,28,32,5
1/14/2017,38,13,30,29,4
1/15/2017,37,22,27,41,5
1/16/2017,57,11,30,26,5
1/17/2017,29,11,28,23,5
1/18/2017,29,14,27,23,5
1/19/2017,42,15,28,20,4
1/20/2017,43,11,30,23,5
1/21/2017,37,21,25,33,6
1/22/2017,59,21,26,37,6
1/23/2017,57,36,23,54,7
1/24/2017,77,33,18,45,6
1/25/2017,73,37,16,42,6
1/26/2017,86,17,25,30,3
1/27/2017,59,10,32,24,3
1/28/2017,30,17,21,25,2
1/29/2017,54,15,21,26,2
1/30/2017,52,21,15,30,5
1/31/2017,62,28,7,34,4
2/1/2017,75,14,25,25,2
2/2/2017,46,16,28,21,2
2/3/2017,36,9,27,12,2
2/4/2017,30,9,35,13,2
2/5/2017,27,11,34,23,2
2/6/2017,31,16,28,26,2
2/7/2017,44,10,34,26,3
2/8/2017,30,20,19,40,4
2/9/2017,56,25,5,33,3
2/10/2017,68,13,22,26,3
2/11/2017,46,37,22,23,2
2/12/2017,52,21,30,21,1
2/13/2017,37,20,23,32,3
2/14/2017,50,16,26,30,4
2/15/2017,46,21,24,31,4
2/16/2017,53,28,17,36,4
2/17/2017,67,31,16,36,4
2/18/2017,78,25,31,24,4
2/19/2017,68,20,29,30,5
2/20/2017,60,20,29,34,6
2/21/2017,56,43,24,40,6
2/22/2017,72,99,8,36,5
2/23/2017,144,59,24,30,4
2/24/2017,87,21,32,29,3
2/25/2017,47,33,28,25,2
2/26/2017,72,30,30,21,2
2/27/2017,55,15,28,22,2
2/28/2017,30,19,30,28,2
3/1/2017,52,29,25,33,2
3/2/2017,64,24,29,33,3
3/3/2017,58,7,31,18,2
3/4/2017,24,9,25,19,2
3/5/2017,34,12,31,25,3
3/6/2017,33,13,34,27,3
3/7/2017,35,36,19,44,4
3/8/2017,64,36,22,50,5
3/9/2017,72,38,30,51,5
3/10/2017,72,32,32,37,4
3/11/2017,66,17,37,19,2
3/12/2017,34,24,36,15,3
3/13/2017,23,22,31,23,4
3/14/2017,47,22,37,24,3
3/15/2017,52,21,38,25,3
3/16/2017,56,19,41,30,4
3/17/2017,44,25,36,34,4
3/18/2017,55,28,40,35,4
3/19/2017,61,22,42,27,4
3/20/2017,52,21,32,23,2
3/21/2017,54,13,34,22,2
3/22/2017,28,9,31,24,2
3/23/2017,30,13,27,26,3
3/24/2017,43,15,30,27,2
3/25/2017,51,8,35,16,2
3/26/2017,28,11,35,23,2
3/27/2017,32,18,38,32,1
3/28/2017,52,22,37,36,3
3/29/2017,54,27,39,38,3
3/30/2017,61,22,35,32,2
3/31/2017,55,10,41,20,1
4/1/2017,23,10,41,19,1
4/2/2017,28,11,37,22,2
4/3/2017,27,16,42,36,3
4/4/2017,38,11,38,20,2
4/5/2017,30,14,44,21,2
4/6/2017,40,18,44,24,2
4/7/2017,44,23,53,25,2
4/8/2017,54,19,49,22,2
4/9/2017,44,22,39,25,9
4/10/2017,48,25,46,33,7
4/11/2017,50,25,54,33,2
4/12/2017,56,31,48,31,2
4/13/2017,63,39,39,26,2
4/14/2017,64,20,42,23,2
4/15/2017,45,19,45,14,2
4/16/2017,43,26,43,35,2
4/17/2017,54,20,43,24,1
4/18/2017,41,19,38,17,1
4/19/2017,37,16,38,17,1
4/20/2017,40,16,44,20,2
4/21/2017,41,13,44,21,1
4/22/2017,32,20,48,29,2
4/23/2017,47,31,42,34,2
4/24/2017,56,44,42,30,1
4/25/2017,69,22,40,21,1
4/26/2017,49,11,43,16,2
4/27/2017,29,13,40,16,2
4/28/2017,34,11,29,18,2
4/29/2017,38,13,35,19,2
4/30/2017,42,9,41,13,1
5/1/2017,27,14,41,22,2
5/2/2017,45,17,42,26,2
5/3/2017,47,24,36,40,2
5/4/2017,55,21,35,30,1
5/5/2017,46,10,37,17,1
5/6/2017,30,13,43,19,2
5/7/2017,36,20,46,27,2
5/8/2017,46,25,46,33,2
5/9/2017,53,17,40,20,2
5/10/2017,44,10,35,23,2
5/11/2017,30,11,30,25,2
5/12/2017,34,12,26,19,2
5/13/2017,35,14,29,20,2
5/14/2017,39,17,36,22,2
5/15/2017,45,25,46,32,3
5/16/2017,61,22,44,28,2
5/17/2017,51,15,38,21,2
5/18/2017,43,12,46,23,2
5/19/2017,36,14,49,22,2
5/20/2017,39,20,38,29,2
5/21/2017,45,28,58,32,3
5/22/2017,54,27,52,27,2
5/23/2017,53,24,56,27,2
5/24/2017,50,27,58,31,2
5/25/2017,54,40,50,34,2
5/26/2017,64,33,47,23,2
5/27/2017,55,26,45,16,3
5/28/2017,49,23,39,23,2
5/29/2017,54,19,45,21,2
5/30/2017,49,23,53,25,2
5/31/2017,49,26,61,27,1
6/1/2017,54,34,51,35,3
6/2/2017,62,22,45,17,
6/3/2017,54,16,38,12,
6/4/2017,47,15,43,21,1
6/5/2017,37,17,43,20,2
6/6/2017,45,23,60,25,2
6/7/2017,45,34,56,31,3
6/8/2017,58,31,44,31,2
6/9/2017,61,28,40,27,3
6/10/2017,58,36,44,29,4
6/11/2017,68,29,48,30,2
6/12/2017,55,28,60,24,2
6/13/2017,58,39,61,35,4
6/14/2017,63,50,55,45,4
6/15/2017,78,36,76,29,2
6/16/2017,66,35,60,31,2
6/17/2017,73,25,66,20,1
6/18/2017,59,35,46,24,3
6/19/2017,62,30,47,25,2
6/20/2017,66,28,37,29,2
6/21/2017,63,36,51,40,3
6/22/2017,71,30,50,36,3
6/23/2017,64,27,41,27,3
6/24/2017,58,31,37,23,2
6/25/2017,58,26,47,24,1
6/26/2017,59,20,38,30,2
6/27/2017,50,16,35,20,
6/28/2017,34,13,40,18,
6/29/2017,31,10,33,16,2
6/30/2017,27,9,35,9,2
7/1/2017,26,10,35,12,1
7/2/2017,25,15,38,22,3
7/3/2017,33,22,34,22,2
7/4/2017,41,30,52,22,2
7/5/2017,53,25,28,24,3
7/6/2017,55,22,27,23,3
7/7/2017,50,20,39,22,4
7/8/2017,55,24,53,28,4
7/9/2017,63,24,42,28,4
7/10/2017,55,19,56,32,2
7/11/2017,54,25,61,43,4
7/12/2017,65,39,49,47,4
7/13/2017,73,39,51,36,3
7/14/2017,70,28,70,21,2
7/15/2017,56,25,65,19,2
7/16/2017,55,26,54,32,4
7/17/2017,57,41,53,29,4
7/18/2017,66,26,41,23,4
7/19/2017,50,17,57,25,4
7/20/2017,44,20,50,27,4
7/21/2017,49,18,53,24,3
7/22/2017,49,21,52,20,4
7/23/2017,56,19,57,18,2
7/24/2017,47,13,49,13,3
7/25/2017,35,16,45,22,1
7/26/2017,43,23,48,30,4
7/27/2017,52,28,64,43,6
7/28/2017,67,21,52,32,5
7/29/2017,56,39,34,27,5
7/30/2017,61,47,40,26,5
7/31/2017,64,21,44,23,4
8/1/2017,47,28,61,26,3
8/2/2017,56,30,64,32,4
8/3/2017,61,22,58,26,5
8/4/2017,57,27,50,23,2
8/5/2017,66,22,55,13,5
8/6/2017,50,27,55,22,2
8/7/2017,55,17,49,15,1
8/8/2017,40,21,44,13,1
8/9/2017,42,13,40,10,4
8/10/2017,28,14,47,14,3
8/11/2017,31,15,60,13,2
8/12/2017,39,17,56,21,5
8/13/2017,43,26,46,18,4
8/14/2017,50,35,47,14,3
8/15/2017,56,37,56,25,4
8/16/2017,67,31,61,21,4
8/17/2017,61,35,55,32,4
8/18/2017,67,21,61,15,4
8/19/2017,49,24,68,15,4
8/20/2017,52,26,54,20,4
8/21/2017,50,38,56,19,4
8/22/2017,60,47,58,34,4
8/23/2017,68,32,50,28,4
8/24/2017,60,33,41,33,4
8/25/2017,61,40,37,27,3
8/26/2017,64,33,30,14,2
8/27/2017,61,24,17,21,6
8/28/2017,54,18,30,18,6
8/29/2017,48,18,44,20,4
8/30/2017,51,15,53,18,3
8/31/2017,41,13,45,15,4
9/1/2017,41,11,42,15,4
9/2/2017,35,18,57,34,5
9/3/2017,53,13,42,21,2
9/4/2017,39,19,50,24,2
9/5/2017,49,25,7,61,1
9/6/2017,56,,,,
9/9/2017,,6,,,4
9/10/2017,,14,30,25,4
9/11/2017,40,14,35,17,2
9/12/2017,37,19,42,32,3
9/13/2017,46,20,36,37,5
9/14/2017,49,13,32,13,1
9/15/2017,30,11,34,12,2
9/16/2017,21,11,41,22,5
9/17/2017,33,12,37,25,5
9/18/2017,36,18,40,34,4
9/19/2017,47,17,42,37,4
9/20/2017,41,30,51,50,4
9/21/2017,65,23,45,32,4
9/22/2017,54,20,47,26,2
9/23/2017,49,29,49,41,4
9/24/2017,65,23,41,37,4
9/25/2017,52,15,33,24,2
9/26/2017,43,26,40,42,5
9/27/2017,56,31,36,47,5
9/28/2017,64,36,39,46,5
9/29/2017,65,36,33,39,5
9/30/2017,59,17,27,17,4
10/1/2017,45,18,17,28,4
10/2/2017,47,19,21,31,5
10/3/2017,49,21,30,27,4
10/4/2017,47,26,31,42,4
10/5/2017,57,19,37,30,3
10/6/2017,43,17,39,28,5
10/7/2017,35,23,39,37,3
10/8/2017,53,19,31,42,4
10/9/2017,43,26,35,45,3
10/10/2017,50,34,41,56,2
10/11/2017,68,47,44,48,2
10/12/2017,78,37,33,40,1
10/13/2017,64,39,35,41,2
10/14/2017,64,34,37,32,1
10/15/2017,62,30,33,29,1
10/16/2017,54,25,27,30,1
10/17/2017,55,13,23,26,1
10/18/2017,39,16,32,34,1
10/19/2017,48,17,27,31,1
10/20/2017,48,18,26,22,1
10/21/2017,54,14,30,24,1
10/22/2017,34,18,24,37,2
10/23/2017,44,21,18,46,2
10/24/2017,52,27,19,49,3
10/25/2017,62,30,20,51,3
10/26/2017,68,37,24,39,2
10/27/2017,68,19,30,26,1
10/28/2017,44,14,29,24,1
10/29/2017,39,13,26,24,1
10/30/2017,35,20,28,31,2
10/31/2017,46,26,28,29,2
11/1/2017,60,23,28,33,2
11/2/2017,58,24,28,33,2
11/3/2017,63,14,28,24,1
11/4/2017,47,12,33,23,3
11/5/2017,40,10,28,27,3
11/6/2017,28,19,19,36,3
11/7/2017,47,14,32,33,4
11/8/2017,41,6,34,18,3
11/9/2017,21,13,29,34,4
11/10/2017,38,19,21,41,4
11/11/2017,56,19,23,34,4
11/12/2017,58,14,38,33,4
11/13/2017,39,19,22,38,4
11/14/2017,49,30,12,48,5
11/15/2017,65,39,8,62,7
11/16/2017,85,35,8,60,6
11/17/2017,78,25,16,45,6
11/18/2017,61,24,18,42,5
11/19/2017,63,39,9,56,6
11/20/2017,84,42,9,56,6
11/21/2017,90,52,1,74,9
11/22/2017,114,42,15,56,6
11/23/2017,83,37,19,47,4
11/24/2017,73,33,20,37,3
11/25/2017,67,10,25,21,4
11/26/2017,28,24,14,39,5
11/27/2017,56,38,2,47,5
11/28/2017,83,21,28,31,4
11/29/2017,55,9,28,28,4
11/30/2017,31,9,32,29,4
12/1/2017,30,9,28,30,4
12/2/2017,30,10,28,28,5
12/3/2017,35,20,18,39,6
12/4/2017,57,24,13,46,6
12/5/2017,65,28,12,44,7
12/6/2017,77,39,9,45,7
12/7/2017,95,49,6,44,6
12/8/2017,125,37,22,33,5
12/9/2017,100,10,28,18,2
12/10/2017,31,7,33,22,2
12/11/2017,26,14,25,32,4
12/12/2017,41,18,19,38,4
12/13/2017,55,10,21,25,1
12/14/2017,40,8,31,29,2
12/15/2017,25,15,27,35,3
12/16/2017,49,7,30,24,3
12/17/2017,26,27,16,43,4
12/18/2017,71,21,21,45,4
12/19/2017,58,40,3,62,6
12/20/2017,91,30,8,51,5
12/21/2017,77,43,2,65,7
12/22/2017,106,23,18,35,4
12/23/2017,67,20,14,30,3
12/24/2017,65,25,7,26,2
12/25/2017,75,13,23,26,2
12/26/2017,44,6,31,23,2
12/27/2017,20,8,25,28,2
12/28/2017,26,9,29,27,2
12/29/2017,36,10,22,23,2
12/30/2017,37,,,,
12/31/2017,,16,29,21,2
1/1/2018,32,11,31,24,4
1/2/2018,31,12,16,24,16
1/3/2018,42,10,18,22,8
1/4/2018,38,8,23,23,1
1/5/2018,27,5,30,21,1
1/6/2018,19,5,23,21,1
1/7/2018,22,12,18,32,3
1/8/2018,38,20,7,34,2
1/9/2018,63,13,19,30,1
1/10/2018,45,9,31,29,2
1/11/2018,27,18,23,41,3
1/12/2018,49,22,8,36,2
1/13/2018,67,10,21,23,3
1/14/2018,36,17,19,35,3
1/15/2018,54,24,16,38,3
1/16/2018,56,18,22,33,4
1/17/2018,52,21,14,43,4
1/18/2018,59,28,7,50,6
1/19/2018,73,27,21,44,4
1/20/2018,74,13,23,30,3
1/21/2018,45,19,9,32,4
1/22/2018,56,25,9,40,5
1/23/2018,63,32,6,39,4
1/24/2018,81,33,14,36,3
1/25/2018,78,7,28,24,3
1/26/2018,25,7,29,18,4
1/27/2018,23,7,29,17,4
1/28/2018,25,19,22,34,3
1/29/2018,48,23,18,41,4
1/30/2018,60,25,11,46,4
1/31/2018,64,28,24,41,4
2/1/2018,68,8,30,24,3
2/2/2018,28,10,30,28,2
2/3/2018,33,7,27,22,1
2/4/2018,30,7,21,28,2
2/5/2018,30,21,25,25,2
2/6/2018,58,11,26,31,3
2/7/2018,37,14,24,32,3
2/8/2018,46,26,20,47,3
2/9/2018,68,9,33,24,3
2/10/2018,32,17,26,31,3
2/11/2018,54,9,30,27,2
2/12/2018,29,16,29,35,2
2/13/2018,47,10,26,23,1
2/14/2018,36,21,21,33,2
2/15/2018,59,26,11,28,3
2/16/2018,74,26,24,24,3
2/17/2018,69,9,31,17,5
2/18/2018,25,8,30,24,5
2/19/2018,26,9,29,26,4
2/20/2018,26,8,32,23,3
2/21/2018,26,15,29,29,3
2/22/2018,44,18,27,32,3
2/23/2018,51,23,33,38,4
2/24/2018,61,26,34,38,3
2/25/2018,70,30,25,51,5
2/26/2018,74,22,27,35,2
2/27/2018,62,15,24,34,2
2/28/2018,54,8,35,22,1
3/1/2018,30,11,28,31,2
3/2/2018,43,9,38,21,1
3/3/2018,36,7,35,18,1
3/4/2018,28,8,36,25,1
3/5/2018,28,9,31,26,1
3/6/2018,33,9,35,24,2
3/7/2018,33,12,26,31,1
3/8/2018,44,13,19,29,1
3/9/2018,46,8,29,23,1
3/10/2018,28,8,36,13,1
3/11/2018,26,9,34,20,1
3/12/2018,27,13,30,28,1
3/13/2018,39,11,25,28,1
3/14/2018,39,8,39,21,1
3/15/2018,27,8,35,24,1
3/16/2018,27,8,35,21,1
3/17/2018,29,7,39,22,2
3/18/2018,26,8,37,24,2
3/19/2018,29,8,35,20,4
3/20/2018,25,9,41,20,4
3/21/2018,30,13,41,31,3
3/22/2018,40,18,30,37,3
3/23/2018,53,11,38,15,2
3/24/2018,26,8,38,18,3
3/25/2018,22,10,40,28,4
3/26/2018,37,11,35,25,3
3/27/2018,37,17,31,30,3
3/28/2018,48,10,40,13,2
3/29/2018,32,9,42,11,2
3/30/2018,21,7,42,15,2
3/31/2018,19,10,37,23,3
4/1/2018,37,14,39,26,2
4/2/2018,40,12,36,19,1
4/3/2018,34,10,39,19,1
4/4/2018,25,16,37,31,2
4/5/2018,41,21,25,39,2
4/6/2018,48,15,39,23,1
4/7/2018,34,8,36,18,2
4/8/2018,29,7,42,21,1
4/9/2018,23,7,38,26,1
4/10/2018,24,7,39,30,1
4/11/2018,25,9,38,26,2
4/12/2018,30,9,40,28,1
4/13/2018,30,11,41,29,2
4/14/2018,41,9,32,19,1
4/15/2018,35,9,41,21,1
4/16/2018,30,16,37,34,2
4/17/2018,44,18,45,36,2
4/18/2018,51,32,48,25,2
4/19/2018,55,48,41,21,1
4/20/2018,60,50,36,22,1
4/21/2018,63,46,39,28,1
4/22/2018,67,40,31,30,
4/23/2018,59,38,39,28,
4/24/2018,54,39,39,31,
4/25/2018,58,40,47,32,1
4/26/2018,62,34,42,25,1
4/27/2018,57,18,42,14,
4/28/2018,44,12,39,14,1
4/29/2018,28,8,41,19,1
4/30/2018,26,7,43,16,1
5/1/2018,23,9,42,22,1
5/2/2018,32,14,45,29,2
5/3/2018,36,13,41,22,1
5/4/2018,32,19,46,19,2
5/5/2018,48,18,48,15,1
5/6/2018,49,18,38,30,3
5/7/2018,51,18,39,35,2
5/8/2018,49,20,46,29,1
5/9/2018,58,15,45,24,1
5/10/2018,45,20,45,29,1
5/11/2018,52,19,42,17,1
5/12/2018,45,13,40,13,1
5/13/2018,31,9,43,18,
5/14/2018,27,12,49,14,1
5/15/2018,33,16,49,22,2
5/16/2018,43,18,54,27,2
5/17/2018,44,19,44,27,1
5/18/2018,52,17,45,21,1
5/19/2018,52,12,48,17,1
5/20/2018,41,18,50,27,1
5/21/2018,50,17,39,33,1
5/22/2018,52,19,51,34,1
5/23/2018,54,22,44,30,1
5/24/2018,51,19,36,32,1
5/25/2018,55,16,40,24,1
5/26/2018,51,18,44,23,2
5/27/2018,49,14,34,28,1
5/28/2018,48,19,32,31,2
5/29/2018,51,26,37,28,1
5/30/2018,53,22,43,26,1
5/31/2018,53,24,40,33,2
6/1/2018,60,17,45,16,1
6/2/2018,45,17,41,22,1
6/3/2018,51,15,33,19,2
6/4/2018,42,15,36,22,1
6/5/2018,37,14,32,24,1
6/6/2018,40,21,39,31,2
6/7/2018,54,19,27,24,1
6/8/2018,56,18,35,20,1
6/9/2018,52,16,33,22,1
6/10/2018,46,14,35,21,1
6/11/2018,37,16,37,25,1
6/12/2018,44,15,41,20,1
6/13/2018,40,17,46,21,1
6/14/2018,47,25,49,29,2
6/15/2018,58,20,45,14,2
6/16/2018,50,18,45,15,1
6/17/2018,42,16,35,20,1
6/18/2018,40,22,61,22,3
6/19/2018,47,27,59,26,3
6/20/2018,54,29,53,28,2
6/21/2018,56,32,63,32,2
6/22/2018,60,33,74,23,2
6/23/2018,66,41,59,21,2
6/24/2018,70,53,71,29,2
6/25/2018,80,57,62,29,2
6/26/2018,96,46,42,28,2
6/27/2018,79,37,46,27,2
6/28/2018,66,34,46,22,2
6/29/2018,66,28,39,16,2
6/30/2018,60,24,38,14,2
7/1/2018,63,22,44,22,2
7/2/2018,52,28,47,29,2
7/3/2018,57,30,43,32,2
7/4/2018,59,26,60,24,2
7/5/2018,54,25,51,24,2
7/6/2018,52,30,51,24,3
7/7/2018,66,29,55,17,2
7/8/2018,66,30,52,24,2
7/9/2018,65,31,63,22,2
7/10/2018,68,35,61,26,2
7/11/2018,68,31,65,24,2
7/12/2018,65,40,55,25,3
7/13/2018,71,40,51,21,2
7/14/2018,76,32,42,17,2
7/15/2018,64,26,51,19,2
7/16/2018,59,30,59,27,2
7/17/2018,62,40,51,30,2
7/18/2018,66,38,50,34,2
7/19/2018,68,42,45,29,2
7/20/2018,72,25,47,12,2
7/21/2018,57,26,56,14,1
7/22/2018,58,33,52,28,1
7/23/2018,65,36,46,27,2
7/24/2018,70,36,51,31,2
7/25/2018,67,41,51,36,2
7/26/2018,77,39,50,34,2
7/27/2018,72,32,54,21,1
7/28/2018,66,27,46,14,1
7/29/2018,61,37,48,29,2
7/30/2018,78,37,60,31,2
7/31/2018,71,42,78,39,2
8/1/2018,78,50,65,42,2
8/2/2018,88,59,57,28,2
8/3/2018,100,58,60,15,2
8/4/2018,90,53,67,16,2
8/5/2018,84,60,60,28,2
8/6/2018,97,73,45,26,2
8/7/2018,108,56,49,22,2
8/8/2018,80,37,51,19,1
8/9/2018,65,34,47,15,1
8/10/2018,63,44,60,18,1
8/11/2018,79,48,50,22,2
8/12/2018,82,39,41,20,2
8/13/2018,74,29,56,17,2
8/14/2018,63,30,49,15,3
8/15/2018,64,41,45,19,4
8/16/2018,78,32,60,16,4
8/17/2018,66,24,52,9,4
8/18/2018,59,29,50,16,5
8/19/2018,68,36,55,21,5
8/20/2018,70,35,60,28,2
8/21/2018,68,37,60,25,2
8/22/2018,74,42,62,32,2
8/23/2018,80,41,56,22,2
8/24/2018,85,34,53,14,1
8/25/2018,77,33,51,16,1
8/26/2018,71,41,61,36,2
8/27/2018,81,55,45,33,2
8/28/2018,99,54,50,32,2
8/29/2018,92,56,56,25,2
8/30/2018,94,52,60,25,2
8/31/2018,103,45,59,20,2
9/1/2018,97,57,52,22,2
9/2/2018,111,63,51,27,2
9/3/2018,124,62,52,28,2
9/4/2018,119,58,42,25,2
9/5/2018,106,56,50,26,2
9/6/2018,148,41,48,21,1
9/7/2018,89,23,34,22,1
9/8/2018,59,23,46,25,2
9/9/2018,61,19,43,21,1
9/10/2018,53,22,44,23,1
9/11/2018,58,28,50,30,2
9/12/2018,59,32,59,41,2
9/13/2018,69,28,59,32,2
9/14/2018,59,28,46,20,1
9/15/2018,57,23,48,19,2
9/16/2018,46,31,41,29,2
9/17/2018,55,31,38,31,2
9/18/2018,58,33,53,38,2
9/19/2018,66,39,51,42,2
9/20/2018,69,35,52,39,2
9/21/2018,62,34,51,31,2
9/22/2018,65,33,57,32,2
9/23/2018,65,22,38,22,2
9/24/2018,47,31,45,32,2
9/25/2018,52,33,33,19,2
9/26/2018,54,36,41,35,2
9/27/2018,59,37,44,40,3
9/28/2018,61,35,48,35,2
9/29/2018,66,32,46,32,3
9/30/2018,67,22,37,23,2
10/1/2018,47,25,31,30,2
10/2/2018,40,32,28,34,3
10/3/2018,44,35,33,42,3
10/4/2018,52,39,41,45,3
10/5/2018,67,39,46,41,2
10/6/2018,69,24,35,12,2
10/7/2018,41,21,29,24,3
10/8/2018,29,48,32,23,3
10/9/2018,35,29,27,28,3
10/10/2018,48,28,20,28,2
10/11/2018,64,20,23,20,3
10/12/2018,56,25,31,34,3
10/13/2018,64,18,31,15,2
10/14/2018,50,18,26,25,3
10/15/2018,44,25,26,32,4
10/16/2018,55,24,32,32,4
10/17/2018,54,21,29,32,4
10/18/2018,52,14,23,23,4
10/19/2018,40,17,28,20,3
10/20/2018,39,28,27,21,3
10/21/2018,53,61,28,36,4
10/22/2018,68,47,32,35,4
10/23/2018,67,50,23,52,4
10/24/2018,82,47,29,48,4
10/25/2018,77,43,11,47,4
10/26/2018,80,26,23,23,4
10/27/2018,63,16,29,15,4
10/28/2018,50,17,30,23,4
10/29/2018,54,24,24,21,3
10/30/2018,68,21,23,25,4
10/31/2018,65,22,26,26,4
11/1/2018,60,15,25,25,4
11/2/2018,45,20,24,33,5
11/3/2018,52,27,23,27,5
11/4/2018,66,15,29,24,4
11/5/2018,49,15,28,22,4
11/6/2018,37,16,26,28,5
11/7/2018,43,21,20,31,5
11/8/2018,57,14,31,17,4
11/9/2018,38,11,27,16,4
11/10/2018,31,14,65,17,3
11/11/2018,40,19,27,33,4
11/12/2018,49,26,13,30,4
11/13/2018,56,36,18,30,4
11/14/2018,62,28,24,28,3
11/15/2018,58,25,14,27,4
11/16/2018,57,21,23,22,4
11/17/2018,53,19,23,22,4
11/18/2018,50,14,26,24,4
11/19/2018,39,13,27,23,3
11/20/2018,39,15,29,25,3
11/21/2018,41,20,20,28,4
11/22/2018,53,17,28,25,4
11/23/2018,44,26,13,30,5
11/24/2018,66,18,25,20,4
11/25/2018,52,13,32,23,4
11/26/2018,32,23,24,33,4
11/27/2018,50,45,7,44,6
11/28/2018,86,46,7,37,5
11/29/2018,91,31,66,34,5
11/30/2018,69,28,147,34,4
12/1/2018,64,35,73,29,4
12/2/2018,82,42,8,31,5
12/3/2018,99,53,5,48,7
12/4/2018,105,55,6,44,7
12/5/2018,108,49,11,35,6
12/6/2018,103,39,14,30,4
12/7/2018,88,29,26,30,4
12/8/2018,74,44,7,46,6
12/9/2018,107,55,4,62,8
12/10/2018,110,46,7,42,6
12/11/2018,85,40,11,32,5
12/12/2018,88,25,31,27,4
12/13/2018,65,15,29,32,4
12/14/2018,38,23,19,30,4
12/15/2018,57,17,28,18,3
12/16/2018,43,25,27,37,4
12/17/2018,49,35,9,35,6
12/18/2018,68,28,19,30,4
12/19/2018,64,23,17,27,5
12/20/2018,54,24,19,30,4
12/21/2018,61,29,11,27,4
12/22/2018,77,30,8,23,5
12/23/2018,80,43,7,44,7
12/24/2018,99,36,9,40,5
12/25/2018,80,34,7,43,6
12/26/2018,73,49,4,44,7
12/27/2018,101,46,14,37,6
12/28/2018,99,26,21,25,6
12/29/2018,62,21,18,30,6
12/30/2018,51,,,,
12/31/2018,,39,14,44,10
1/1/2019,95,41,151,47,9
1/2/2019,85,29,17,37,7
1/3/2019,63,40,8,44,8
1/4/2019,79,39,6,45,7
1/5/2019,82,44,7,53,11
1/6/2019,102,33,9,50,9
1/7/2019,71,39,11,47,8
1/8/2019,70,29,10,41,8
1/9/2019,59,15,23,29,5
1/10/2019,40,26,19,42,6
1/11/2019,57,28,19,37,6
1/12/2019,64,33,12,39,5
1/13/2019,76,58,4,68,5
1/14/2019,122,56,13,47,5
1/15/2019,102,44,18,32,4
1/16/2019,86,46,12,34,4
1/17/2019,110,39,11,25,5
1/18/2019,83,26,10,22,4
1/19/2019,67,17,21,15,5
1/20/2019,54,14,17,24,5
1/21/2019,38,18,25,35,4
1/22/2019,49,14,25,18,4
1/23/2019,31,15,25,29,3
1/24/2019,34,16,19,35,5
1/25/2019,36,19,25,33,4
1/26/2019,46,12,27,15,3
1/27/2019,38,13,33,23,4
1/28/2019,27,16,29,23,5
1/29/2019,35,17,29,22,5
1/30/2019,33,14,21,17,4
1/31/2019,28,12,30,20,3
2/1/2019,27,9,32,15,4
2/2/2019,25,10,28,17,5
2/3/2019,28,29,9,45,4
2/4/2019,66,44,11,52,7
2/5/2019,84,33,11,39,6
2/6/2019,69,41,8,46,7
2/7/2019,83,34,18,37,7
2/8/2019,72,29,17,31,5
2/9/2019,72,19,20,17,5
2/10/2019,52,15,26,27,5
2/11/2019,32,19,26,30,7
2/12/2019,41,31,23,40,6
2/13/2019,62,32,21,38,7
2/14/2019,62,39,16,45,7
2/15/2019,75,35,33,27,5
2/16/2019,66,22,34,25,5
2/17/2019,47,29,21,32,5
2/18/2019,55,40,25,36,5
2/19/2019,65,47,29,41,4
2/20/2019,69,51,31,41,5
2/21/2019,72,48,28,48,6
2/22/2019,68,44,24,45,6
2/23/2019,67,41,40,30,5
2/24/2019,66,41,31,50,6
2/25/2019,68,46,32,41,5
2/26/2019,72,31,33,44,5
2/27/2019,52,32,24,50,6
2/28/2019,55,32,38,37,4
3/1/2019,60,28,36,34,4
3/2/2019,60,30,36,30,4
3/3/2019,55,31,33,20,4
3/4/2019,39,23,34,20,3
3/5/2019,29,19,31,22,3
3/6/2019,30,12,35,24,4
3/7/2019,23,18,29,30,4
3/8/2019,46,20,34,28,4
3/9/2019,57,27,27,27,4
3/10/2019,69,19,30,26,4
3/11/2019,57,22,34,32,4
3/12/2019,60,26,37,22,5
3/13/2019,72,28,32,30,4
3/14/2019,79,33,27,45,5
3/15/2019,77,40,37,33,4
3/16/2019,89,36,34,24,4
3/17/2019,81,32,35,19,5
3/18/2019,80,15,38,21,6
3/19/2019,48,13,37,24,5
3/20/2019,47,14,37,29,4
3/21/2019,43,20,40,33,4
3/22/2019,50,27,38,22,4
3/23/2019,68,22,38,19,4
3/24/2019,59,20,40,25,4
3/25/2019,53,19,41,21,4
3/26/2019,56,19,32,33,4
3/27/2019,51,21,41,32,4
3/28/2019,49,25,44,28,4
3/29/2019,47,29,47,20,4
3/30/2019,43,27,33,19,4
3/31/2019,49,14,30,26,4
4/1/2019,35,18,35,30,4
4/2/2019,41,20,41,25,4
4/3/2019,47,14,43,26,4
4/4/2019,30,13,37,25,2
4/5/2019,27,10,38,17,4
4/6/2019,25,9,40,16,2
4/7/2019,21,10,41,25,4
4/8/2019,30,11,37,26,4
4/9/2019,28,11,37,25,5
4/10/2019,23,11,40,25,5
4/11/2019,25,13,46,30,4
4/12/2019,29,18,52,31,4
4/13/2019,47,19,36,19,4
4/14/2019,49,22,39,25,4
4/15/2019,51,18,44,26,4
4/16/2019,33,20,39,20,4
4/17/2019,41,20,43,15,4
4/18/2019,40,7,34,15,4
4/19/2019,22,12,47,10,4
4/20/2019,36,13,43,7,4
4/21/2019,33,15,41,22,4
4/22/2019,42,12,42,23,4
4/23/2019,34,8,32,22,4
4/24/2019,17,8,36,12,4
4/25/2019,18,11,40,22,4
4/26/2019,23,14,38,28,4
4/27/2019,35,15,43,19,4
4/28/2019,42,13,40,25,4
4/29/2019,31,15,41,25,4
4/30/2019,34,14,29,10,4
5/1/2019,33,12,50,12,4
5/2/2019,29,12,36,16,2
5/3/2019,31,10,43,11,4
5/4/2019,23,9,43,11,4
5/5/2019,23,13,46,31,4
5/6/2019,28,21,36,23,4
5/7/2019,43,15,32,17,4
5/8/2019,27,15,34,21,4
5/9/2019,27,13,24,18,4
5/10/2019,25,15,44,18,4
5/11/2019,32,12,43,12,4
5/12/2019,27,11,41,24,4
5/13/2019,25,15,59,28,4
5/14/2019,31,25,44,30,4
5/15/2019,46,19,45,25,4
5/16/2019,41,21,41,19,3
5/17/2019,38,10,37,10,4
5/18/2019,19,8,43,12,3
5/19/2019,19,8,38,19,4
5/20/2019,20,15,47,25,4
5/21/2019,32,15,52,26,4
5/22/2019,38,24,46,36,4
5/23/2019,51,21,38,17,4
5/24/2019,44,11,36,9,4
5/25/2019,27,9,35,9,4
5/26/2019,24,11,37,21,4
5/27/2019,30,13,41,15,4
5/28/2019,28,12,33,15,4
5/29/2019,31,11,37,21,4
5/30/2019,26,17,52,28,4
5/31/2019,32,23,55,23,5
6/1/2019,52,23,56,19,4
6/2/2019,51,23,51,34,4
6/3/2019,55,26,38,24,4
6/4/2019,50,19,36,17,4
6/5/2019,35,16,42,21,3
6/6/2019,30,17,39,18,5
6/7/2019,31,13,46,15,4
6/8/2019,26,25,41,11,4
6/9/2019,44,18,42,16,4
6/10/2019,34,13,37,12,4
6/11/2019,28,9,44,19,4
6/12/2019,18,17,47,20,4
6/13/2019,37,23,40,21,4
6/14/2019,49,18,44,13,4
6/15/2019,35,20,46,19,4
6/16/2019,39,26,47,27,5
6/17/2019,55,25,44,24,4
6/18/2019,56,25,29,13,4
6/19/2019,39,22,33,21,4
6/20/2019,35,21,39,16,4
6/21/2019,39,20,43,15,4
6/22/2019,40,28,43,21,4
6/23/2019,57,29,37,18,4
6/24/2019,60,31,40,20,4
6/25/2019,54,38,42,19,4
6/26/2019,64,50,39,18,5
6/27/2019,81,47,44,22,5
6/28/2019,81,28,62,19,5
6/29/2019,67,33,50,18,5
6/30/2019,72,37,46,21,5
7/1/2019,71,39,58,19,5
7/2/2019,64,35,50,16,5
7/3/2019,62,33,46,14,4
7/4/2019,61,38,45,20,4
7/5/2019,63,31,42,17,5
7/6/2019,51,23,45,16,4
7/7/2019,46,23,42,14,4
7/8/2019,45,22,52,16,4
7/9/2019,57,17,61,18,4
7/10/2019,39,27,66,33,4
7/11/2019,53,32,46,23,2
7/12/2019,59,48,43,19,
7/13/2019,68,40,33,8,2
7/14/2019,64,22,47,21,4
7/15/2019,53,24,53,22,4
7/16/2019,46,33,51,18,4
7/17/2019,56,29,70,17,5
7/18/2019,56,25,57,14,5
7/19/2019,50,27,59,8,5
7/20/2019,50,33,51,6,5
7/21/2019,53,36,42,12,5
7/22/2019,52,37,45,12,5
7/23/2019,53,40,54,18,5
7/24/2019,57,35,39,24,5
7/25/2019,59,27,30,16,4
7/26/2019,51,16,29,9,4
7/27/2019,37,11,36,8,3
7/28/2019,26,15,33,17,2
7/29/2019,35,14,41,11,
7/30/2019,33,25,42,10,
7/31/2019,52,40,42,12,2
8/1/2019,67,27,55,17,2
8/2/2019,58,24,52,15,2
8/3/2019,55,29,47,13,2
8/4/2019,65,25,44,20,2
8/5/2019,56,23,43,16,2
8/6/2019,42,19,28,11,4
8/7/2019,32,15,30,11,4
8/8/2019,29,21,16,7,3
8/9/2019,35,21,40,8,3
8/10/2019,29,18,42,8,3
8/11/2019,39,21,39,10,3
8/12/2019,47,16,41,11,3
8/13/2019,41,17,51,17,2
8/14/2019,47,19,45,18,2
8/15/2019,61,18,43,13,2
8/16/2019,58,19,43,21,2
8/17/2019,66,23,42,19,2
8/18/2019,66,21,33,16,2
8/19/2019,55,16,35,10,2
8/20/2019,52,16,41,11,2
8/21/2019,50,19,46,23,3
8/22/2019,60,20,56,24,2
8/23/2019,62,21,61,24,2
8/24/2019,62,21,44,9,2
8/25/2019,59,18,34,14,3
8/26/2019,54,18,47,17,2
8/27/2019,51,21,58,30,2
8/28/2019,58,25,60,32,2
8/29/2019,65,25,55,23,2
8/30/2019,61,25,55,32,2
8/31/2019,65,26,44,28,2
9/1/2019,68,23,45,17,2
9/2/2019,62,21,46,21,2
9/3/2019,55,21,55,25,2
9/4/2019,55,19,32,11,2
9/5/2019,51,14,35,14,2
9/6/2019,41,14,43,14,2
9/7/2019,37,17,44,13,2
9/8/2019,49,21,40,22,2
9/9/2019,56,27,27,11,2
9/10/2019,47,13,37,12,2
9/11/2019,37,18,36,22,2
9/12/2019,47,20,32,19,2
9/13/2019,53,20,27,14,4
9/14/2019,61,23,27,16,1
9/15/2019,65,24,33,27,1
9/16/2019,62,28,46,26,2
9/17/2019,73,25,38,29,2
9/18/2019,68,26,43,31,2
9/19/2019,69,30,34,19,2
9/20/2019,75,27,28,18,3
9/21/2019,71,22,29,12,2
9/22/2019,62,15,30,26,2
9/23/2019,47,22,31,28,2
9/24/2019,60,19,28,22,2
9/25/2019,56,17,34,29,2
9/26/2019,50,25,39,37,3
9/27/2019,65,19,34,32,3
9/28/2019,53,24,31,27,2
9/29/2019,57,22,36,40,3
9/30/2019,55,29,30,36,3
10/1/2019,58,20,34,17,2
10/2/2019,51,17,24,33,3
10/3/2019,46,24,29,38,3
10/4/2019,49,24,36,26,3
10/5/2019,45,21,35,27,2
10/6/2019,38,22,22,41,3
10/7/2019,42,25,28,38,3
10/8/2019,42,31,29,33,3
10/9/2019,53,27,30,35,3
10/10/2019,44,33,28,30,2
10/11/2019,58,30,25,15,2
10/12/2019,51,26,30,21,2
10/13/2019,48,26,28,19,2
10/14/2019,53,11,23,17,2
10/15/2019,21,12,28,25,2
10/16/2019,25,16,20,27,2
10/17/2019,37,15,16,19,2
10/18/2019,41,13,25,13,2
10/19/2019,33,8,24,12,4
10/20/2019,22,8,21,26,2
10/21/2019,25,10,18,23,2
10/22/2019,26,9,20,20,2
10/23/2019,26,11,27,23,2
10/24/2019,24,21,16,37,3
10/25/2019,52,31,20,35,3
10/26/2019,71,23,21,32,3
10/27/2019,59,25,25,32,3
10/28/2019,61,34,9,34,2
10/29/2019,79,45,19,29,2
10/30/2019,99,21,21,21,2
10/31/2019,53,18,14,13,2
11/1/2019,50,19,23,10,2
11/2/2019,46,11,33,10,2
11/3/2019,26,12,26,13,2
11/4/2019,20,9,25,19,3
11/5/2019,19,9,23,20,2
11/6/2019,19,10,27,18,4
11/7/2019,22,6,26,13,3
11/8/2019,16,8,25,14,2
11/9/2019,17,7,26,15,2
11/10/2019,18,10,19,26,3
11/11/2019,28,14,25,28,3
11/12/2019,33,11,22,16,3
11/13/2019,25,8,17,13,5
11/14/2019,21,6,22,15,3
11/15/2019,14,9,26,20,3
11/16/2019,21,11,23,16,2
11/17/2019,31,9,21,26,3
11/18/2019,30,19,13,37,4
11/19/2019,47,20,8,30,3
11/20/2019,55,22,6,28,5
11/21/2019,66,12,20,24,2
11/22/2019,38,11,32,17,2
11/23/2019,34,10,29,15,2
11/24/2019,29,15,21,18,2
11/25/2019,40,16,18,20,2
11/26/2019,39,14,24,17,2
11/27/2019,34,20,22,20,2
11/28/2019,49,17,21,19,2
11/29/2019,45,15,23,15,2
11/30/2019,42,13,17,19,6
12/1/2019,41,10,23,17,3
12/2/2019,29,10,21,20,3
12/3/2019,31,12,18,22,3
12/4/2019,36,11,20,21,3
12/5/2019,32,13,19,20,3
12/6/2019,40,26,9,27,3
12/7/2019,72,31,3,26,2
12/8/2019,84,25,13,23,2
12/9/2019,72,39,3,33,3
12/10/2019,95,27,24,26,3
12/11/2019,68,15,24,20,2
12/12/2019,43,13,27,20,3
12/13/2019,38,9,23,15,3
12/14/2019,39,13,23,17,2
12/15/2019,49,18,18,20,3
12/16/2019,55,19,19,21,2
12/17/2019,60,22,18,27,3
12/18/2019,63,18,18,21,3
12/19/2019,57,12,25,17,2
12/20/2019,43,14,28,10,3
12/21/2019,50,22,28,11,2
12/22/2019,56,21,27,28,3
12/23/2019,55,31,7,33,5
12/24/2019,83,24,10,27,4
12/25/2019,74,27,9,30,4
12/26/2019,74,21,12,40,6
12/27/2019,55,33,7,50,6
12/28/2019,83,28,10,39,5
12/29/2019,75,,,,
12/31/2019,,44,6,35,4
1/1/2020,115,36,5,35,9
1/2/2020,91,50,1,39,8
1/3/2020,126,15,20,21,3
1/4/2020,50,19,12,29,5
1/5/2020,55,29,9,34,5
1/6/2020,80,44,4,50,7
1/7/2020,102,51,6,62,8
1/8/2020,104,41,9,49,5
1/9/2020,88,23,30,28,3
1/10/2020,67,14,21,28,3
1/11/2020,46,35,10,39,4
1/12/2020,88,38,11,44,5
1/13/2020,96,39,17,39,3
1/14/2020,95,36,4,41,3
1/15/2020,92,41,15,36,3
1/16/2020,87,20,26,25,2
1/17/2020,50,15,17,27,2
1/18/2020,57,19,27,16,3
1/19/2020,55,13,26,18,2
1/20/2020,42,10,24,17,2
1/21/2020,32,23,24,24,3
1/22/2020,51,52,20,25,3
1/23/2020,81,37,17,24,2
1/24/2020,65,24,18,21,2
1/25/2020,68,19,21,21,2
1/26/2020,62,21,21,25,2
1/27/2020,59,14,22,17,2
1/28/2020,37,16,21,17,2
1/29/2020,43,16,24,20,2
1/30/2020,46,14,23,19,2
1/31/2020,43,13,20,14,1
2/1/2020,41,19,11,19,1
2/2/2020,59,42,10,26,6
2/3/2020,81,50,9,33,9
2/4/2020,94,14,24,31,4
2/5/2020,34,27,15,32,3
2/6/2020,63,31,16,30,2
2/7/2020,71,37,18,28,2
2/8/2020,87,26,18,23,2
2/9/2020,71,27,13,29,2
2/10/2020,71,39,3,27,3
2/11/2020,99,38,2,25,2
2/12/2020,95,28,16,22,2
2/13/2020,78,30,9,26,2
2/14/2020,79,34,20,26,2
2/15/2020,80,28,24,24,2
2/16/2020,73,21,14,23,2
2/17/2020,57,17,19,25,3
2/18/2020,44,21,26,29,3
2/19/2020,43,33,13,41,4
2/20/2020,67,30,23,41,4
2/21/2020,59,34,23,43,4
2/22/2020,68,30,30,34,3
2/23/2020,56,33,27,39,3
2/24/2020,62,31,27,36,3
2/25/2020,62,15,30,19,1
2/26/2020,30,65,27,22,2
2/27/2020,72,65,24,32,3
2/28/2020,88,47,26,18,2
2/29/2020,64,28,27,10,2
3/1/2020,29,26,30,13,2
3/2/2020,25,17,21,21,1
3/3/2020,47,14,24,17,2
3/4/2020,38,15,33,17,2
3/5/2020,38,9,32,17,2
3/6/2020,23,13,31,21,2
3/7/2020,32,16,25,22,3
3/8/2020,48,14,30,24,3
3/9/2020,37,13,26,17,3
3/10/2020,36,32,20,28,3
3/11/2020,59,36,21,34,3
3/12/2020,64,29,31,26,2
3/13/2020,64,21,38,13,2
3/14/2020,60,20,32,11,2
3/15/2020,56,10,25,12,2
3/16/2020,39,12,30,13,2
3/17/2020,46,26,22,17,3
3/18/2020,59,27,33,14,
3/19/2020,57,35,28,9,1
3/20/2020,56,16,27,9,1
3/21/2020,43,9,29,6,2
3/22/2020,29,9,27,13,1
3/23/2020,33,13,27,9,1
3/24/2020,36,17,31,10,1
3/25/2020,48,14,35,15,2
3/26/2020,43,13,34,10,1
3/27/2020,46,10,37,10,2
3/28/2020,39,13,38,14,3
3/29/2020,47,12,28,8,2
3/30/2020,41,8,25,13,1
3/31/2020,32,10,30,13,2
4/1/2020,37,10,29,14,2
4/2/2020,35,11,36,12,2
4/3/2020,39,11,34,10,2
4/4/2020,42,14,34,5,2
4/5/2020,45,17,26,8,1
4/6/2020,56,26,24,13,1
4/7/2020,81,19,30,12,
4/8/2020,61,18,29,9,1
4/9/2020,55,16,22,6,1
4/10/2020,58,15,29,5,3
4/11/2020,53,18,38,4,3
4/12/2020,58,18,35,8,2
4/13/2020,62,15,27,11,2
4/14/2020,54,12,30,9,2
4/15/2020,45,16,27,9,1
4/16/2020,52,14,30,10,1
4/17/2020,46,14,38,10,2
4/18/2020,47,14,38,5,2
4/19/2020,52,14,29,9,2
4/20/2020,47,10,31,6,2
4/21/2020,30,12,34,11,2
4/22/2020,37,17,31,8,2
4/23/2020,53,16,34,8,1
4/24/2020,53,16,39,4,1
4/25/2020,55,19,33,4,1
4/26/2020,56,14,34,6,2
4/27/2020,43,12,31,7,3
4/28/2020,39,12,30,10,2
4/29/2020,37,15,31,6,2
4/30/2020,47,20,27,3,3
5/1/2020,63,21,25,5,2
5/2/2020,68,20,33,7,1
5/3/2020,65,27,32,4,1
5/4/2020,68,9,37,7,2
5/5/2020,29,14,47,13,3
5/6/2020,42,23,35,11,2
5/7/2020,55,17,42,8,1
5/8/2020,41,27,38,5,2
5/9/2020,71,11,31,2,2
5/10/2020,35,15,30,7,1
5/11/2020,46,18,32,9,1
5/12/2020,56,22,35,9,1
5/13/2020,71,12,27,9,1
5/14/2020,41,,,,
