date,pm25,pm10,o3,no2,so2,co
5/1/2020,38,13,30,19,3,2
5/2/2020,37,16,31,15,2,3
5/3/2020,49,20,34,13,1,2
5/4/2020,53,18,31,12,,2
5/5/2020,28,24,37,16,1,2
5/6/2020,53,29,43,27,1,2
5/7/2020,58,22,47,20,1,3
5/8/2020,67,38,49,20,3,3
5/9/2020,97,29,37,8,3,2
5/10/2020,66,20,26,8,2,3
5/11/2020,41,17,29,16,2,3
5/12/2020,45,15,29,11,2,3
5/13/2020,42,13,30,13,2,3
5/14/2020,38,14,15,22,1,3
5/15/2020,46,,,,,
4/1/2020,58,15,32,32,8,5
4/2/2020,38,20,32,25,9,5
4/3/2020,46,21,36,19,9,4
4/4/2020,56,18,40,13,11,4
4/5/2020,53,18,33,25,7,3
4/6/2020,36,30,35,25,4,4
4/7/2020,49,52,38,28,4,3
4/8/2020,69,54,38,27,5,3
4/9/2020,57,46,38,23,4,3
4/10/2020,76,38,39,26,5,3
4/11/2020,74,29,43,19,7,3
4/12/2020,61,19,31,7,4,4
4/13/2020,46,18,32,17,4,3
4/14/2020,44,31,31,24,5,2
4/15/2020,70,51,31,25,6,2
4/16/2020,115,23,28,12,5,3
4/17/2020,50,27,24,13,6,3
4/18/2020,59,23,37,11,6,2
4/19/2020,57,31,35,13,6,2
4/20/2020,51,32,37,13,6,2
4/21/2020,42,32,41,17,6,2
4/22/2020,47,36,43,21,7,2
4/23/2020,54,35,45,20,7,2
4/24/2020,49,21,32,13,7,2
4/25/2020,34,22,41,16,8,2
4/26/2020,37,29,32,19,7,3
4/27/2020,59,12,25,16,2,2
4/28/2020,43,17,27,16,3,2
4/29/2020,43,15,27,16,3,2
4/30/2020,36,16,26,19,4,2
3/1/2020,35,13,25,32,3,6
3/2/2020,34,26,10,40,5,9
3/3/2020,54,22,21,42,4,8
3/4/2020,52,20,24,26,5,3
3/5/2020,59,28,26,36,4,6
3/6/2020,63,29,29,37,3,6
3/7/2020,61,16,33,29,4,4
3/8/2020,42,17,28,37,3,5
3/9/2020,39,10,25,30,3,3
3/10/2020,35,14,34,39,3,4
3/11/2020,30,19,27,35,3,5
3/12/2020,43,18,27,33,2,6
3/13/2020,45,13,27,21,1,4
3/14/2020,29,10,23,11,1,3
3/15/2020,23,14,12,20,1,6
3/16/2020,38,15,18,14,1,4
3/17/2020,31,19,23,16,2,3
3/18/2020,41,22,24,22,3,2
3/19/2020,57,17,27,16,3,3
3/20/2020,35,19,27,15,3,5
3/21/2020,41,20,26,14,3,5
3/22/2020,53,26,21,29,4,7
3/23/2020,58,25,32,28,3,5
3/24/2020,60,36,28,30,4,7
3/25/2020,80,47,34,21,5,6
3/26/2020,99,40,40,16,9,4
3/27/2020,90,30,37,9,4,4
3/28/2020,56,21,34,6,3,6
3/29/2020,29,17,32,12,3,4
3/30/2020,26,18,33,15,5,5
3/31/2020,38,22,31,24,6,5
2/1/2020,49,22,28,29,5,7
2/2/2020,52,24,29,31,5,7
2/3/2020,50,23,26,30,3,7
2/4/2020,45,39,10,40,4,9
2/5/2020,72,42,8,42,4,7
2/6/2020,83,41,16,35,4,6
2/7/2020,93,26,28,30,5,4
2/8/2020,55,16,33,16,6,2
2/9/2020,44,18,30,34,7,5
2/10/2020,42,21,31,31,7,6
2/11/2020,41,19,28,37,6,6
2/12/2020,41,17,32,37,8,4
2/13/2020,47,28,28,39,6,5
2/14/2020,55,12,26,25,10,2
2/15/2020,38,10,34,27,9,3
2/16/2020,36,21,31,33,7,5
2/17/2020,45,18,29,34,6,5
2/18/2020,40,20,28,41,6,5
2/19/2020,45,13,33,32,7,4
2/20/2020,34,23,32,33,6,5
2/21/2020,44,22,32,26,6,3
2/22/2020,52,13,30,23,3,3
2/23/2020,36,12,27,30,3,4
2/24/2020,34,17,28,38,4,6
2/25/2020,35,17,28,34,4,7
2/26/2020,36,16,28,33,3,6
2/27/2020,41,18,22,35,3,5
2/28/2020,44,23,27,28,3,5
2/29/2020,46,15,29,29,3,7
1/1/2020,116,16,25,28,2,4
1/2/2020,56,15,27,27,2,4
1/3/2020,45,16,14,31,2,5
1/4/2020,46,11,22,28,1,4
1/5/2020,36,9,27,9,2,4
1/6/2020,29,14,19,23,2,4
1/7/2020,41,21,21,28,2,5
1/8/2020,52,37,22,26,4,4
1/9/2020,36,12,21,28,3,5
1/10/2020,44,17,29,25,2,4
1/11/2020,31,12,29,24,3,4
1/12/2020,26,13,27,29,4,4
1/13/2020,25,9,27,16,4,3
1/14/2020,25,10,23,32,4,4
1/15/2020,37,16,19,12,3,4
1/16/2020,43,13,24,23,2,5
1/17/2020,35,20,13,30,2,6
1/18/2020,48,26,12,27,3,7
1/19/2020,49,44,1,39,5,11
1/20/2020,69,41,,37,5,11
1/21/2020,78,30,7,32,2,5
1/22/2020,83,27,14,27,1,3
1/23/2020,68,27,10,36,3,4
1/24/2020,41,35,16,16,3,3
1/25/2020,80,27,21,15,4,4
1/26/2020,63,13,27,24,5,6
1/27/2020,44,16,31,37,6,10
1/28/2020,29,23,25,37,5,9
1/29/2020,40,15,26,31,5,7
1/30/2020,29,13,24,29,5,6
1/31/2020,24,22,30,29,5,7
10/1/2019,47,13,20,24,1,2
10/2/2019,43,24,21,43,4,5
10/3/2019,56,26,20,36,3,3
10/4/2019,59,19,14,27,1,2
10/5/2019,48,14,25,18,1,
10/6/2019,45,18,20,39,3,2
10/7/2019,47,26,21,40,4,3
10/8/2019,52,19,23,40,3,4
10/9/2019,44,22,20,41,4,4
10/10/2019,45,16,25,28,1,2
10/11/2019,44,15,23,48,2,3
10/12/2019,46,16,28,34,2,2
10/13/2019,31,21,15,36,1,2
10/14/2019,41,19,19,51,4,4
10/15/2019,44,23,23,47,2,4
10/16/2019,54,21,23,59,1,4
10/17/2019,51,20,26,48,2,3
10/18/2019,49,19,24,44,2,5
10/19/2019,46,17,21,26,1,3
10/20/2019,55,14,26,26,1,1
10/21/2019,34,27,16,52,3,6
10/22/2019,43,39,6,52,2,6
10/23/2019,61,32,7,42,2,5
10/24/2019,48,20,29,35,2,3
10/25/2019,30,18,30,28,1,2
10/26/2019,45,19,19,28,1,4
10/27/2019,45,39,15,46,4,4
10/28/2019,38,17,24,42,4,3
10/29/2019,31,24,20,41,5,5
10/30/2019,45,36,8,43,6,8
10/31/2019,62,41,17,43,6,6
11/1/2019,51,29,24,30,6,6
11/2/2019,38,32,19,40,6,8
11/3/2019,58,33,15,53,6,8
11/4/2019,42,20,15,30,5,5
11/5/2019,55,30,15,47,6,9
11/6/2019,69,19,20,51,6,10
11/7/2019,42,29,11,38,7,10
11/8/2019,66,32,13,45,6,8
11/9/2019,55,22,18,42,6,8
11/10/2019,52,19,21,38,5,9
11/11/2019,37,21,22,46,4,10
11/12/2019,33,20,15,53,5,11
11/13/2019,50,17,24,62,4,8
11/14/2019,46,19,17,31,4,6
11/15/2019,50,23,9,55,4,9
11/16/2019,71,33,6,57,4,12
11/17/2019,81,16,16,31,2,7
11/18/2019,30,39,1,45,5,14
11/19/2019,72,25,19,44,3,11
11/20/2019,63,30,6,37,4,11
11/21/2019,68,22,18,36,3,9
11/22/2019,43,23,10,26,1,7
11/23/2019,57,20,10,17,1,9
11/24/2019,40,17,15,20,3,7
11/25/2019,42,11,21,21,1,6
11/26/2019,27,15,21,21,1,7
11/27/2019,38,14,14,20,1,5
11/28/2019,49,21,16,31,,5
11/29/2019,61,26,9,39,1,7
11/30/2019,63,12,22,27,,4
12/1/2019,34,26,10,38,2,8
12/2/2019,69,35,10,47,4,9
12/3/2019,53,45,7,52,5,10
12/4/2019,70,40,19,42,5,9
12/5/2019,48,17,25,38,3,4
12/6/2019,26,18,22,32,1,5
12/7/2019,41,15,29,25,1,5
12/8/2019,37,17,26,27,1,6
12/9/2019,37,19,24,31,1,5
12/10/2019,43,22,23,39,4,7
12/11/2019,43,22,19,41,3,7
12/12/2019,35,18,24,34,3,5
12/13/2019,38,19,30,35,1,5
12/14/2019,43,15,31,31,1,4
12/15/2019,39,20,26,40,3,5
12/16/2019,43,17,19,40,5,6
12/17/2019,54,22,18,34,3,4
12/18/2019,53,19,23,32,3,3
12/19/2019,53,15,22,39,5,5
12/20/2019,52,14,26,34,8,4
12/21/2019,42,14,25,33,8,4
12/22/2019,45,18,20,33,5,5
12/23/2019,47,17,26,30,1,4
12/24/2019,49,16,24,28,1,6
12/25/2019,49,17,23,27,1,5
12/26/2019,49,20,16,25,1,5
12/27/2019,64,23,17,29,1,5
12/28/2019,71,23,20,26,1,5
12/29/2019,70,,,,,
7/1/2019,40,16,29,23,1,3
7/2/2019,58,19,24,30,1,4
7/3/2019,44,20,33,37,1,3
7/4/2019,48,22,41,44,1,3
7/5/2019,61,16,21,21,2,3
7/6/2019,50,17,25,26,6,3
7/7/2019,49,22,33,39,3,4
7/8/2019,49,20,34,42,8,3
7/9/2019,49,19,37,47,6,4
7/10/2019,50,16,30,33,1,3
7/11/2019,43,13,25,16,1,2
7/12/2019,45,15,26,19,1,3
7/13/2019,52,14,23,18,1,2
7/14/2019,46,17,25,23,2,2
7/15/2019,41,23,38,35,2,3
7/16/2019,51,25,42,60,2,4
7/17/2019,57,12,24,20,1,4
7/18/2019,36,8,15,22,1,5
7/19/2019,22,17,24,8,1,4
7/20/2019,28,12,22,15,,5
7/21/2019,24,18,20,8,1,3
7/22/2019,36,28,39,40,1,4
7/23/2019,50,33,26,53,2,5
7/24/2019,68,34,44,37,1,4
7/25/2019,64,23,14,28,1,3
7/26/2019,54,14,18,24,3,3
7/27/2019,37,15,24,18,5,2
7/28/2019,23,17,33,14,6,2
7/29/2019,41,14,24,13,2,3
7/30/2019,61,12,19,13,2,3
7/31/2019,32,16,21,19,,3
8/1/2019,36,23,31,20,,3
8/2/2019,47,22,32,28,,3
8/3/2019,54,22,39,30,,4
8/4/2019,59,19,27,25,1,4
8/5/2019,53,21,25,26,1,3
8/6/2019,50,27,23,28,1,3
8/7/2019,50,19,25,33,2,3
8/8/2019,48,21,25,24,1,3
8/9/2019,51,23,26,18,,2
8/10/2019,51,17,27,19,1,3
8/11/2019,48,15,21,25,1,4
8/12/2019,43,14,29,30,1,5
8/13/2019,31,11,18,29,1,4
8/14/2019,34,12,24,25,1,4
8/15/2019,34,17,18,26,1,4
8/16/2019,34,16,21,18,1,4
8/17/2019,35,16,24,15,1,4
8/18/2019,37,22,24,23,1,4
8/19/2019,38,19,31,36,1,6
8/20/2019,54,20,31,33,1,5
8/21/2019,51,21,28,35,1,5
8/22/2019,56,26,33,39,1,4
8/23/2019,65,41,58,52,1,6
8/24/2019,102,46,55,53,1,6
8/25/2019,117,37,56,54,1,6
8/26/2019,98,39,58,62,1,7
8/27/2019,96,20,27,34,1,4
8/28/2019,53,16,23,30,1,4
8/29/2019,45,20,27,31,1,4
8/30/2019,52,18,26,27,1,3
8/31/2019,55,12,25,20,1,3
9/1/2019,41,20,25,32,1,5
9/2/2019,49,18,24,32,1,4
9/3/2019,46,15,22,22,7,5
9/4/2019,44,15,23,27,11,8
9/5/2019,46,20,18,34,12,11
9/6/2019,52,14,22,21,9,8
9/7/2019,46,17,24,22,11,10
9/8/2019,48,19,22,39,7,9
9/9/2019,57,29,19,33,2,9
9/10/2019,63,19,16,30,3,9
9/11/2019,49,19,13,28,3,8
9/12/2019,51,21,25,31,1,6
9/13/2019,52,26,21,44,2,6
9/14/2019,67,22,24,30,1,5
9/15/2019,59,29,13,24,2,5
9/16/2019,66,17,22,27,1,5
9/17/2019,44,22,24,32,1,2
9/18/2019,41,23,23,42,1,2
9/19/2019,47,29,25,42,2,2
9/20/2019,53,37,22,39,2,2
9/21/2019,52,26,25,34,2,1
9/22/2019,45,19,22,31,3,2
9/23/2019,36,26,20,17,1,2
9/24/2019,29,18,18,18,1,1
9/25/2019,37,16,12,35,3,2
9/26/2019,43,18,13,34,1,1
9/27/2019,40,13,17,29,2,1
9/28/2019,34,11,21,18,1,
9/29/2019,35,16,16,32,3,3
9/30/2019,42,18,25,30,3,1
4/1/2019,36,30,24,43,5,12
4/2/2019,67,16,16,27,4,12
4/3/2019,54,12,24,18,3,11
4/4/2019,29,17,26,19,2,10
4/5/2019,37,22,30,25,1,7
4/6/2019,55,47,27,15,1,7
4/7/2019,129,49,30,29,1,8
4/8/2019,133,40,36,27,1,6
4/9/2019,101,23,33,30,1,8
4/10/2019,56,23,35,35,1,7
4/11/2019,47,22,32,36,3,5
4/12/2019,62,21,31,28,3,4
4/13/2019,57,25,34,25,2,5
4/14/2019,51,43,28,33,3,6
4/15/2019,67,55,16,36,3,4
4/16/2019,77,57,28,41,2,6
4/17/2019,86,53,40,46,1,9
4/18/2019,64,42,51,44,1,9
4/19/2019,67,40,56,38,1,8
4/20/2019,61,40,61,27,1,9
4/21/2019,72,56,56,46,8,9
4/22/2019,116,45,33,44,9,8
4/23/2019,88,38,39,43,3,9
4/24/2019,47,18,37,40,2,8
4/25/2019,26,22,37,35,2,9
4/26/2019,30,23,35,24,1,10
4/27/2019,29,16,32,20,1,7
4/28/2019,33,27,29,33,1,9
4/29/2019,58,35,29,44,,9
4/30/2019,82,30,36,37,2,6
5/1/2019,57,23,23,30,1,3
5/2/2019,31,20,18,26,2,3
5/3/2019,41,16,27,13,1,3
5/4/2019,34,24,30,16,1,3
5/5/2019,49,16,23,23,1,3
5/6/2019,45,22,28,41,1,3
5/7/2019,62,22,24,39,3,6
5/8/2019,64,22,18,32,3,8
5/9/2019,63,18,31,42,3,9
5/10/2019,57,16,32,29,1,5
5/11/2019,60,16,31,28,1,7
5/12/2019,45,17,28,35,1,9
5/13/2019,41,17,30,30,1,7
5/14/2019,42,30,33,26,1,9
5/15/2019,73,27,32,18,2,9
5/16/2019,63,25,25,29,1,6
5/17/2019,59,28,28,34,2,7
5/18/2019,73,27,32,30,2,7
5/19/2019,84,27,32,31,2,5
5/20/2019,44,20,38,28,,7
5/21/2019,36,24,41,50,2,10
5/22/2019,44,23,45,44,3,10
5/23/2019,48,20,25,23,,7
5/24/2019,51,16,25,20,,5
5/25/2019,32,18,18,20,1,6
5/26/2019,34,16,19,21,1,7
5/27/2019,33,15,26,24,2,7
5/28/2019,31,20,25,36,3,8
5/29/2019,41,20,22,30,2,7
5/30/2019,44,18,19,32,2,6
5/31/2019,34,20,36,46,2,5
6/1/2019,38,20,34,47,1,4
6/2/2019,35,21,30,50,2,5
6/3/2019,38,26,23,42,1,5
6/4/2019,42,19,26,34,3,6
6/5/2019,43,20,21,34,4,3
6/6/2019,35,23,20,29,5,4
6/7/2019,36,22,20,25,2,6
6/8/2019,34,24,20,29,2,6
6/9/2019,30,13,21,27,1,3
6/10/2019,50,17,24,26,1,2
6/11/2019,30,20,24,26,2,4
6/12/2019,34,19,28,35,2,6
6/13/2019,31,21,28,36,1,6
6/14/2019,36,20,28,30,1,5
6/15/2019,36,16,24,25,1,4
6/16/2019,31,20,32,41,2,6
6/17/2019,34,22,23,42,1,6
6/18/2019,48,22,18,37,2,6
6/19/2019,46,20,25,37,3,6
6/20/2019,39,16,29,35,2,6
6/21/2019,40,15,34,33,2,6
6/22/2019,34,30,45,21,1,7
6/23/2019,58,35,29,39,2,8
6/24/2019,58,31,25,30,,6
6/25/2019,58,16,30,26,,4
6/26/2019,38,20,30,30,1,4
6/27/2019,39,27,24,26,1,4
6/28/2019,45,33,56,44,2,5
6/29/2019,66,20,30,22,1,4
6/30/2019,42,15,25,18,1,3
1/1/2019,49,22,23,26,1,8
1/2/2019,59,26,24,31,1,8
1/3/2019,55,39,16,31,1,10
1/4/2019,92,31,19,29,2,10
1/5/2019,81,29,14,31,2,10
1/6/2019,73,25,18,37,3,9
1/7/2019,60,24,23,27,2,8
1/8/2019,50,22,21,30,4,11
1/9/2019,46,34,10,29,4,11
1/10/2019,73,25,9,30,3,7
1/11/2019,60,17,21,31,3,8
1/12/2019,49,17,28,23,3,6
1/13/2019,29,19,26,26,3,8
1/14/2019,40,17,19,44,4,10
1/15/2019,37,11,26,40,4,8
1/16/2019,32,15,20,31,3,10
1/17/2019,36,26,20,46,4,12
1/18/2019,50,26,20,31,3,10
1/19/2019,62,33,14,34,4,12
1/20/2019,98,43,14,40,4,14
1/21/2019,111,18,24,34,3,10
1/22/2019,41,24,18,36,4,10
1/23/2019,61,37,3,51,9,15
1/24/2019,95,29,10,41,12,10
1/25/2019,85,15,27,34,14,8
1/26/2019,50,12,27,20,14,8
1/27/2019,40,23,24,30,7,11
1/28/2019,43,30,19,47,1,13
1/29/2019,48,25,15,38,2,12
1/30/2019,56,29,16,49,3,15
1/31/2019,54,18,22,32,2,9
2/1/2019,60,22,19,19,2,9
2/2/2019,87,25,12,31,2,13
2/3/2019,57,18,19,37,3,9
2/4/2019,59,21,14,36,3,9
2/5/2019,66,23,12,39,3,9
2/6/2019,74,20,22,31,6,11
2/7/2019,44,15,25,36,2,9
2/8/2019,45,18,27,29,3,9
2/9/2019,43,11,24,30,2,8
2/10/2019,31,24,20,39,2,11
2/11/2019,44,28,18,41,4,11
2/12/2019,38,27,12,28,3,9
2/13/2019,52,46,10,53,3,11
2/14/2019,86,50,17,55,4,13
2/15/2019,120,40,18,45,2,9
2/16/2019,97,36,27,36,2,9
2/17/2019,81,26,22,41,2,9
2/18/2019,53,28,25,43,3,10
2/19/2019,54,26,25,40,2,9
2/20/2019,62,33,23,42,2,9
2/21/2019,60,43,18,42,4,10
2/22/2019,72,43,10,40,4,9
2/23/2019,93,47,5,41,2,11
2/24/2019,123,53,3,55,2,13
2/25/2019,128,58,3,61,3,13
2/26/2019,139,58,4,59,5,13
2/27/2019,141,32,22,29,4,9
2/28/2019,90,33,16,26,2,4
3/1/2019,82,21,21,21,2,3
3/2/2019,54,14,27,16,2,3
3/3/2019,46,17,17,26,2,3
3/4/2019,37,19,21,26,2,2
3/5/2019,40,19,25,18,1,6
3/6/2019,49,10,27,30,7,9
3/7/2019,28,15,24,28,6,9
3/8/2019,31,18,28,9,1,
3/9/2019,33,11,30,24,1,8
3/10/2019,36,17,28,24,1,10
3/11/2019,34,13,31,27,1,8
3/12/2019,36,19,30,25,1,8
3/13/2019,45,16,33,27,2,8
3/14/2019,36,14,28,34,2,7
3/15/2019,31,16,36,27,1,6
3/16/2019,34,12,33,29,2,9
3/17/2019,35,21,26,34,1,9
3/18/2019,43,27,19,39,2,10
3/19/2019,55,21,22,38,3,9
3/20/2019,50,24,19,33,4,8
3/21/2019,54,23,23,36,4,9
3/22/2019,56,24,28,28,2,9
3/23/2019,57,23,34,26,2,9
3/24/2019,62,22,33,24,2,9
3/25/2019,42,32,29,38,2,11
3/26/2019,67,27,29,35,2,10
3/27/2019,58,35,28,52,3,10
3/28/2019,74,45,34,46,2,7
3/29/2019,82,53,36,42,3,10
3/30/2019,113,31,36,25,4,8
3/31/2019,33,25,34,33,2,8
10/1/2018,50,18,21,47,1,5
10/2/2018,49,23,16,54,,5
10/3/2018,59,28,14,61,,8
10/4/2018,73,37,20,75,1,9
10/5/2018,92,22,24,36,,5
10/6/2018,64,18,21,42,,6
10/7/2018,51,22,19,69,,10
10/8/2018,60,26,27,73,1,9
10/9/2018,67,48,15,62,1,8
10/10/2018,119,26,23,53,1,7
10/11/2018,66,21,26,52,1,6
10/12/2018,54,23,26,49,1,5
10/13/2018,58,13,24,32,,4
10/14/2018,48,19,21,31,1,4
10/15/2018,56,33,20,47,5,7
10/16/2018,78,26,18,44,4,7
10/17/2018,75,22,17,35,1,7
10/18/2018,63,30,18,43,2,10
10/19/2018,75,45,16,58,7,15
10/20/2018,109,26,18,35,4,10
10/21/2018,74,23,21,29,5,8
10/22/2018,55,26,15,34,3,8
10/23/2018,62,22,12,30,3,6
10/24/2018,62,25,17,34,3,8
10/25/2018,64,16,20,31,3,9
10/26/2018,52,13,19,23,3,9
10/27/2018,40,12,22,23,3,8
10/28/2018,39,15,18,27,3,9
10/29/2018,39,19,16,27,4,10
10/30/2018,51,29,15,53,5,12
10/31/2018,71,26,5,45,4,9
11/1/2018,76,34,13,52,5,12
11/2/2018,79,27,25,51,3,9
11/3/2018,71,28,19,37,2,9
11/4/2018,73,52,2,39,5,10
11/5/2018,119,36,16,43,5,9
11/6/2018,88,19,22,43,4,8
11/7/2018,53,24,24,48,3,9
11/8/2018,52,23,24,44,3,8
11/9/2018,58,21,24,50,3,7
11/10/2018,59,17,24,41,3,8
11/11/2018,51,22,21,54,4,8
11/12/2018,55,27,22,55,4,9
11/13/2018,57,27,20,49,3,8
11/14/2018,65,37,8,45,3,8
11/15/2018,85,25,5,31,3,8
11/16/2018,70,32,6,33,3,9
11/17/2018,86,23,18,30,3,8
11/18/2018,65,16,19,31,2,8
11/19/2018,46,21,16,33,2,9
11/20/2018,60,32,8,42,4,12
11/21/2018,86,51,1,38,6,13
11/22/2018,131,47,2,41,5,11
11/23/2018,117,33,12,31,1,9
11/24/2018,88,27,11,27,1,8
11/25/2018,74,23,14,31,1,9
11/26/2018,60,26,9,38,3,11
11/27/2018,74,19,25,41,9,7
11/28/2018,57,21,26,41,11,7
11/29/2018,53,25,22,53,4,10
11/30/2018,57,19,22,45,4,8
12/1/2018,61,15,22,35,3,7
12/2/2018,49,20,24,37,3,7
12/3/2018,64,28,5,51,6,12
12/4/2018,68,22,18,43,4,8
12/5/2018,60,26,21,45,4,8
12/6/2018,59,16,27,45,3,8
12/7/2018,49,20,28,40,3,8
12/8/2018,49,14,28,24,1,7
12/9/2018,45,19,13,37,2,9
12/10/2018,55,35,7,50,4,11
12/11/2018,81,26,17,36,2,10
12/12/2018,72,31,6,37,3,12
12/13/2018,74,43,5,44,4,13
12/14/2018,87,25,13,31,4,10
12/15/2018,74,21,20,46,4,9
12/16/2018,52,28,20,50,8,10
12/17/2018,59,21,26,39,3,7
12/18/2018,54,21,22,52,4,9
12/19/2018,52,21,25,49,4,9
12/20/2018,52,26,25,39,3,7
12/21/2018,53,22,25,41,3,8
12/22/2018,56,15,20,32,2,6
12/23/2018,49,29,15,35,1,9
12/24/2018,76,31,11,38,3,13
12/25/2018,85,24,11,32,2,8
12/26/2018,69,48,1,44,5,14
12/27/2018,120,38,6,36,4,13
12/28/2018,102,22,19,31,2,8
12/29/2018,63,17,17,29,2,8
12/30/2018,63,,,,,
7/1/2018,64,22,47,42,5,5
7/2/2018,53,21,41,43,3,5
7/3/2018,52,28,40,51,3,4
7/4/2018,67,35,54,59,3,4
7/5/2018,88,32,47,45,3,3
7/6/2018,80,36,49,45,3,3
7/7/2018,96,26,42,33,3,3
7/8/2018,64,27,39,39,3,3
7/9/2018,62,19,24,22,4,2
7/10/2018,50,28,29,25,4,2
7/11/2018,69,27,34,36,4,3
7/12/2018,63,29,36,50,4,4
7/13/2018,66,30,47,57,4,5
7/14/2018,67,25,49,51,4,4
7/15/2018,60,28,44,59,5,5
7/16/2018,63,21,24,50,5,5
7/17/2018,49,23,33,57,5,5
7/18/2018,51,25,37,63,5,6
7/19/2018,59,26,37,62,6,5
7/20/2018,59,29,58,47,6,3
7/21/2018,75,24,33,41,6,4
7/22/2018,59,24,38,61,5,4
7/23/2018,57,25,41,60,5,4
7/24/2018,61,29,44,54,3,4
7/25/2018,72,45,54,70,4,4
7/26/2018,103,32,46,60,4,4
7/27/2018,75,25,25,33,2,4
7/28/2018,50,16,20,31,2,2
7/29/2018,46,18,15,33,3,3
7/30/2018,49,21,27,43,3,4
7/31/2018,54,24,33,48,3,5
8/1/2018,57,25,30,49,3,4
8/2/2018,59,23,45,46,2,2
8/3/2018,58,21,35,26,2,2
8/4/2018,50,18,37,34,2,3
8/5/2018,53,27,53,65,3,4
8/6/2018,69,29,44,64,4,4
8/7/2018,80,19,27,45,3,4
8/8/2018,54,19,15,36,3,3
8/9/2018,65,19,16,37,3,4
8/10/2018,52,19,24,35,2,4
8/11/2018,51,16,22,33,3,3
8/12/2018,49,19,20,28,2,2
8/13/2018,54,19,23,33,2,3
8/14/2018,54,22,19,40,3,4
8/15/2018,59,23,15,39,4,4
8/16/2018,60,22,20,41,4,5
8/17/2018,55,21,15,35,3,4
8/18/2018,55,18,15,27,2,2
8/19/2018,55,19,19,35,3,3
8/20/2018,54,24,26,39,3,3
8/21/2018,56,21,11,39,2,4
8/22/2018,65,18,20,29,3,3
8/23/2018,59,17,18,35,4,3
8/24/2018,50,17,21,27,3,3
8/25/2018,51,18,18,34,4,3
8/26/2018,54,15,15,28,3,3
8/27/2018,48,22,21,40,4,4
8/28/2018,58,24,17,30,2,3
8/29/2018,70,23,21,30,2,3
8/30/2018,73,24,23,36,2,3
8/31/2018,62,27,40,49,4,4
9/1/2018,67,27,42,41,3,4
9/2/2018,73,33,45,43,2,3
9/3/2018,79,28,28,28,1,2
9/4/2018,63,25,32,30,1,2
9/5/2018,57,27,26,35,3,3
9/6/2018,63,19,24,35,3,4
9/7/2018,52,24,23,38,3,4
9/8/2018,57,19,30,37,3,3
9/9/2018,53,21,27,43,4,4
9/10/2018,55,19,21,36,4,3
9/11/2018,58,23,21,29,2,3
9/12/2018,60,25,19,40,5,5
9/13/2018,68,20,20,47,5,6
9/14/2018,61,22,25,45,4,4
9/15/2018,58,19,31,39,3,3
9/16/2018,53,20,37,50,4,4
9/17/2018,58,21,29,44,4,4
9/18/2018,56,27,23,40,2,3
9/19/2018,62,25,24,48,1,3
9/20/2018,59,22,23,54,1,5
9/21/2018,53,18,15,48,1,4
9/22/2018,54,14,21,21,1,2
9/23/2018,63,23,22,34,1,5
9/24/2018,51,33,25,60,2,10
9/25/2018,70,29,25,58,1,5
9/26/2018,70,34,29,70,1,9
9/27/2018,79,19,23,32,1,3
9/28/2018,49,35,22,59,1,7
9/29/2018,69,21,24,41,1,6
9/30/2018,57,18,22,38,1,5
4/1/2018,58,17,26,45,3,4
4/2/2018,58,21,32,53,3,4
4/3/2018,56,21,32,51,3,5
4/4/2018,50,16,30,46,2,9
4/5/2018,44,25,32,54,16,10
4/6/2018,63,36,30,58,3,9
4/7/2018,84,28,23,46,3,7
4/8/2018,78,27,18,48,3,7
4/9/2018,92,36,23,48,1,6
4/10/2018,97,48,14,34,1,5
4/11/2018,131,42,19,31,1,6
4/12/2018,112,38,20,53,5,9
4/13/2018,89,48,34,54,3,9
4/14/2018,117,36,33,47,2,7
4/15/2018,95,28,36,58,4,9
4/16/2018,57,26,36,56,2,8
4/17/2018,58,34,37,69,4,7
4/18/2018,89,51,53,81,4,9
4/19/2018,108,41,39,50,3,6
4/20/2018,91,49,32,57,2,6
4/21/2018,113,38,43,50,2,6
4/22/2018,86,24,30,57,4,8
4/23/2018,49,23,27,52,4,7
4/24/2018,56,21,31,55,4,8
4/25/2018,49,25,34,63,5,9
4/26/2018,53,23,24,58,4,7
4/27/2018,58,17,27,31,1,4
4/28/2018,56,12,32,19,1,4
4/29/2018,47,20,34,34,1,6
4/30/2018,54,23,33,71,4,11
5/1/2018,55,17,33,54,3,8
5/2/2018,48,27,31,62,5,11
5/3/2018,65,30,31,60,3,9
5/4/2018,71,36,41,56,2,8
5/5/2018,90,41,51,46,2,4
5/6/2018,105,45,63,58,2,6
5/7/2018,122,46,56,71,4,7
5/8/2018,110,28,35,61,5,7
5/9/2018,63,22,36,42,2,7
5/10/2018,55,28,35,52,3,8
5/11/2018,59,27,27,51,3,6
5/12/2018,70,25,35,37,2,6
5/13/2018,70,21,36,32,2,6
5/14/2018,50,21,45,36,2,5
5/15/2018,59,23,34,31,1,5
5/16/2018,57,25,33,39,1,6
5/17/2018,53,27,31,49,1,7
5/18/2018,58,35,39,51,2,7
5/19/2018,69,34,39,57,2,7
5/20/2018,78,45,38,57,2,6
5/21/2018,106,35,41,37,2,4
5/22/2018,79,32,41,37,2,4
5/23/2018,72,51,31,53,3,5
5/24/2018,92,44,31,60,4,6
5/25/2018,99,57,53,45,2,5
5/26/2018,121,55,43,60,2,5
5/27/2018,91,59,42,36,2,5
5/28/2018,112,30,36,30,2,4
5/29/2018,82,34,30,47,2,5
5/30/2018,86,44,33,49,1,5
5/31/2018,116,35,30,62,4,6
6/1/2018,93,23,34,45,2,4
6/2/2018,61,23,39,44,2,4
6/3/2018,58,25,31,31,1,4
6/4/2018,70,20,32,38,1,3
6/5/2018,56,34,34,39,1,3
6/6/2018,62,28,29,45,1,3
6/7/2018,65,26,37,38,2,4
6/8/2018,63,28,33,35,1,4
6/9/2018,65,22,33,29,2,4
6/10/2018,64,22,31,44,2,4
6/11/2018,53,22,25,30,2,3
6/12/2018,58,29,34,52,3,5
6/13/2018,62,27,31,39,3,5
6/14/2018,65,25,32,48,3,6
6/15/2018,70,20,28,42,3,6
6/16/2018,56,19,26,41,3,6
6/17/2018,51,21,26,43,3,5
6/18/2018,56,18,15,44,4,5
6/19/2018,51,20,13,36,4,4
6/20/2018,52,29,30,35,2,5
6/21/2018,48,23,34,34,3,5
6/22/2018,51,25,35,34,2,6
6/23/2018,61,24,45,34,3,5
6/24/2018,62,30,65,52,3,6
6/25/2018,69,28,35,50,4,4
6/26/2018,62,28,30,45,4,3
6/27/2018,62,26,40,39,4,3
6/28/2018,73,25,37,36,4,3
6/29/2018,62,24,41,35,4,3
6/30/2018,56,26,64,34,5,3
1/1/2018,48,26,23,44,5,4
1/2/2018,57,29,31,32,6,4
1/3/2018,61,22,28,45,8,5
1/4/2018,54,25,25,55,7,6
1/5/2018,56,27,15,39,1,4
1/6/2018,77,17,21,30,,2
1/7/2018,46,28,17,32,4,4
1/8/2018,73,38,2,45,6,7
1/9/2018,98,33,16,53,8,7
1/10/2018,73,34,2,36,3,5
1/11/2018,91,32,16,45,5,4
1/12/2018,84,30,17,35,3,4
1/13/2018,86,35,12,42,4,5
1/14/2018,93,19,22,52,7,5
1/15/2018,55,17,26,57,7,5
1/16/2018,46,22,29,53,6,5
1/17/2018,50,21,31,43,5,5
1/18/2018,48,33,20,66,9,7
1/19/2018,54,20,19,52,3,4
1/20/2018,56,22,15,49,5,6
1/21/2018,68,24,20,46,5,5
1/22/2018,56,20,26,57,9,8
1/23/2018,50,18,26,61,6,5
1/24/2018,49,29,23,66,5,5
1/25/2018,59,37,13,47,1,3
1/26/2018,83,26,20,57,3,4
1/27/2018,66,17,25,41,2,3
1/28/2018,47,19,28,45,2,3
1/29/2018,50,35,16,67,7,6
1/30/2018,68,20,29,58,6,5
1/31/2018,51,23,24,34,3,3
2/1/2018,47,28,20,34,3,4
2/2/2018,57,23,15,56,5,4
2/3/2018,67,15,22,35,1,2
2/4/2018,48,22,22,51,1,3
2/5/2018,56,37,20,48,2,4
2/6/2018,79,45,19,46,3,4
2/7/2018,74,35,23,77,8,6
2/8/2018,65,22,24,38,3,5
2/9/2018,48,24,18,63,5,8
2/10/2018,50,12,19,33,3,7
2/11/2018,36,26,20,64,7,11
2/12/2018,52,18,22,55,5,8
2/13/2018,51,22,22,64,6,9
2/14/2018,61,28,25,64,7,8
2/15/2018,58,36,18,75,8,11
2/16/2018,62,37,20,64,6,10
2/17/2018,76,31,25,58,5,9
2/18/2018,69,29,16,43,6,6
2/19/2018,80,20,22,30,2,5
2/20/2018,55,48,19,43,2,7
2/21/2018,120,34,21,52,3,8
2/22/2018,89,31,18,49,3,9
2/23/2018,80,39,20,42,2,9
2/24/2018,93,22,24,37,2,10
2/25/2018,56,31,27,43,1,7
2/26/2018,49,36,25,52,1,10
2/27/2018,55,27,22,53,2,10
2/28/2018,75,42,20,36,2,9
3/1/2018,98,48,19,37,4,9
3/2/2018,121,64,11,38,3,9
3/3/2018,159,31,25,50,3,6
3/4/2018,84,26,27,56,4,5
3/5/2018,58,27,25,75,7,8
3/6/2018,63,29,19,63,6,8
3/7/2018,69,22,25,56,5,8
3/8/2018,45,31,15,59,5,7
3/9/2018,66,29,19,52,5,5
3/10/2018,65,33,17,48,4,6
3/11/2018,71,22,12,39,4,6
3/12/2018,69,26,20,50,4,7
3/13/2018,64,21,28,49,3,7
3/14/2018,56,21,28,56,5,6
3/15/2018,59,30,31,61,6,7
3/16/2018,63,25,24,30,2,7
3/17/2018,63,32,23,29,2,7
3/18/2018,72,36,32,35,1,9
3/19/2018,60,33,32,43,,8
3/20/2018,52,35,26,83,3,11
3/21/2018,68,32,31,58,2,5
3/22/2018,59,37,34,59,4,6
3/23/2018,56,42,19,42,3,5
3/24/2018,93,45,27,35,2,5
3/25/2018,101,35,30,50,3,9
3/26/2018,66,23,31,51,4,7
3/27/2018,57,22,27,58,4,7
3/28/2018,57,26,28,60,4,8
3/29/2018,53,17,25,47,4,6
3/30/2018,52,17,23,36,4,6
3/31/2018,55,17,27,32,3,6
10/1/2017,48,26,24,47,4,2
10/2/2017,60,20,23,37,3,3
10/3/2017,58,23,22,52,5,3
10/4/2017,57,15,24,31,2,2
10/5/2017,48,19,21,38,2,4
10/6/2017,54,16,20,39,4,4
10/7/2017,55,18,20,33,3,4
10/8/2017,57,25,12,51,6,6
10/9/2017,71,21,17,44,4,5
10/10/2017,59,22,20,44,4,5
10/11/2017,51,38,17,53,6,6
10/12/2017,68,27,16,43,4,5
10/13/2017,68,28,17,40,4,5
10/14/2017,75,35,29,42,4,6
10/15/2017,87,40,27,43,4,6
10/16/2017,87,38,25,52,5,7
10/17/2017,69,44,8,40,5,6
10/18/2017,103,37,21,42,4,5
10/19/2017,91,24,25,59,5,6
10/20/2017,55,23,28,37,3,4
10/21/2017,56,15,26,37,3,4
10/22/2017,49,24,18,53,5,7
10/23/2017,61,22,20,48,4,6
10/24/2017,66,27,25,55,4,7
10/25/2017,72,30,6,48,6,7
10/26/2017,89,27,17,37,3,5
10/27/2017,75,24,17,44,5,6
10/28/2017,66,16,25,27,4,3
10/29/2017,52,29,16,45,4,6
10/30/2017,71,35,13,69,6,10
10/31/2017,75,38,12,69,7,10
11/1/2017,84,52,3,52,9,10
11/2/2017,110,54,11,64,10,9
11/3/2017,123,35,13,35,28,5
11/4/2017,88,30,20,30,9,4
11/5/2017,82,40,11,52,11,7
11/6/2017,94,24,20,47,9,6
11/7/2017,60,23,22,35,7,4
11/8/2017,60,34,4,50,9,8
11/9/2017,75,25,24,41,7,6
11/10/2017,57,28,16,42,2,5
11/11/2017,65,17,25,26,2,4
11/12/2017,53,24,17,34,2,4
11/13/2017,67,33,11,56,6,8
11/14/2017,64,34,8,49,5,8
11/15/2017,81,30,14,47,4,7
11/16/2017,71,35,14,52,3,7
11/17/2017,85,29,11,44,5,5
11/18/2017,72,25,12,42,3,4
11/19/2017,61,25,15,47,7,6
11/20/2017,61,30,20,48,7,6
11/21/2017,63,33,27,44,5,5
11/22/2017,66,27,27,54,7,6
11/23/2017,54,31,10,45,5,6
11/24/2017,88,29,17,40,6,7
11/25/2017,78,23,19,38,4,6
11/26/2017,52,19,22,42,6,6
11/27/2017,49,22,14,35,4,5
11/28/2017,57,18,16,35,2,4
11/29/2017,52,21,20,29,2,4
11/30/2017,51,20,25,29,2,4
12/1/2017,52,35,8,47,6,8
12/2/2017,82,32,8,35,3,5
12/3/2017,67,31,7,43,4,6
12/4/2017,65,26,13,54,7,8
12/5/2017,57,23,22,64,7,8
12/6/2017,56,22,22,39,4,8
12/7/2017,57,17,19,41,3,7
12/8/2017,50,31,13,53,6,9
12/9/2017,78,27,16,38,3,8
12/10/2017,55,14,15,33,2,6
12/11/2017,53,33,4,63,10,11
12/12/2017,86,20,19,57,9,10
12/13/2017,58,28,23,64,13,8
12/14/2017,61,19,14,33,14,4
12/15/2017,57,22,7,35,13,4
12/16/2017,57,24,9,40,14,5
12/17/2017,68,32,16,38,15,6
12/18/2017,76,46,2,57,20,9
12/19/2017,107,35,2,48,13,7
12/20/2017,86,31,12,49,6,6
12/21/2017,76,27,12,42,2,5
12/22/2017,67,18,19,34,2,5
12/23/2017,52,12,24,29,5,4
12/24/2017,42,16,27,19,14,4
12/25/2017,49,12,26,31,22,5
12/26/2017,37,10,27,24,21,4
12/27/2017,39,25,12,45,6,5
12/28/2017,55,21,26,45,4,4
12/29/2017,54,29,28,38,4,3
12/30/2017,60,9,30,7,1,3
12/31/2017,24,18,28,40,4,4
7/1/2017,63,18,31,25,1,2
7/2/2017,51,21,26,53,4,3
7/3/2017,56,21,26,63,5,4
7/4/2017,60,26,31,53,3,2
7/5/2017,66,35,56,67,3,4
7/6/2017,84,23,34,47,3,3
7/7/2017,67,19,34,31,2,4
7/8/2017,58,24,43,59,3,5
7/9/2017,63,21,29,47,3,3
7/10/2017,57,20,21,57,4,4
7/11/2017,56,18,25,31,2,2
7/12/2017,52,25,35,61,5,4
7/13/2017,60,21,26,27,2,5
7/14/2017,64,21,20,36,4,5
7/15/2017,59,15,14,24,3,3
7/16/2017,49,24,35,37,2,4
7/17/2017,54,34,42,50,3,5
7/18/2017,68,32,33,47,3,6
7/19/2017,74,24,23,42,4,4
7/20/2017,59,21,28,42,3,5
7/21/2017,59,17,25,41,3,4
7/22/2017,50,18,23,35,4,4
7/23/2017,54,15,23,27,2,3
7/24/2017,52,21,29,32,2,2
7/25/2017,64,25,21,44,4,4
7/26/2017,62,27,22,39,4,5
7/27/2017,58,27,23,35,3,6
7/28/2017,53,22,24,39,4,3
7/29/2017,52,20,28,29,3,3
7/30/2017,48,33,27,36,4,3
7/31/2017,54,23,29,39,5,2
8/1/2017,53,17,25,35,5,2
8/2/2017,52,30,27,33,4,3
8/3/2017,53,25,28,43,4,4
8/4/2017,58,22,29,26,2,3
8/5/2017,57,20,32,34,2,5
8/6/2017,53,21,25,38,3,5
8/7/2017,57,17,72,27,3,4
8/8/2017,67,15,74,29,2,3
8/9/2017,59,25,29,33,1,3
8/10/2017,63,28,27,51,4,3
8/11/2017,67,14,27,28,2,3
8/12/2017,51,17,36,31,1,2
8/13/2017,55,24,35,56,3,3
8/14/2017,61,21,30,43,2,3
8/15/2017,60,22,39,50,3,3
8/16/2017,58,21,30,44,3,3
8/17/2017,58,22,24,46,4,3
8/18/2017,56,17,29,34,2,3
8/19/2017,49,18,30,38,2,3
8/20/2017,51,20,19,38,3,3
8/21/2017,54,35,17,42,3,4
8/22/2017,90,44,35,40,2,4
8/23/2017,92,21,44,46,4,3
8/24/2017,57,35,58,56,4,4
8/25/2017,77,28,40,42,2,4
8/26/2017,78,27,35,34,1,4
8/27/2017,79,45,49,52,2,5
8/28/2017,117,32,23,45,4,4
8/29/2017,83,55,19,29,2,4
8/30/2017,71,27,26,45,4,3
8/31/2017,63,23,29,36,2,3
9/1/2017,73,23,31,44,2,3
9/2/2017,66,18,32,40,2,3
9/3/2017,52,18,22,42,4,4
9/4/2017,57,17,21,44,4,3
9/5/2017,52,,,,,
9/8/2017,24,9,22,19,2,3
9/9/2017,25,17,25,32,3,3
9/10/2017,46,18,26,41,4,3
9/11/2017,53,17,27,46,4,3
9/12/2017,50,17,36,44,4,3
9/13/2017,50,14,43,34,2,3
9/14/2017,51,15,41,38,3,3
9/15/2017,57,15,22,28,2,4
9/16/2017,62,13,27,26,1,4
9/17/2017,53,21,24,36,1,3
9/18/2017,70,23,18,42,2,3
9/19/2017,78,28,18,55,5,3
9/20/2017,68,23,24,56,4,3
9/21/2017,63,23,21,56,6,3
9/22/2017,63,19,24,43,3,3
9/23/2017,59,29,32,40,2,3
9/24/2017,88,43,13,46,3,4
9/25/2017,120,43,12,44,3,4
9/26/2017,119,49,27,53,4,4
9/27/2017,146,25,24,59,5,3
9/28/2017,65,28,19,55,5,3
9/29/2017,73,20,24,50,4,3
9/30/2017,56,13,23,35,3,3
4/1/2017,60,23,34,33,2,3
4/2/2017,65,34,37,56,4,5
4/3/2017,93,27,28,37,2,3
4/4/2017,70,28,33,38,1,2
4/5/2017,77,35,30,46,2,4
4/6/2017,87,36,33,40,2,5
4/7/2017,88,47,43,67,4,7
4/8/2017,110,46,44,49,3,6
4/9/2017,102,24,36,32,1,4
4/10/2017,62,25,34,38,2,5
4/11/2017,57,27,34,41,3,6
4/12/2017,65,26,34,35,2,5
4/13/2017,66,20,30,39,3,6
4/14/2017,51,17,39,29,1,5
4/15/2017,47,17,35,30,1,6
4/16/2017,54,18,32,28,1,6
4/17/2017,49,23,36,34,,6
4/18/2017,47,25,33,55,1,4
4/19/2017,59,32,33,54,4,3
4/20/2017,77,36,45,37,3,3
4/21/2017,81,22,70,33,1,2
4/22/2017,60,25,47,37,2,3
4/23/2017,58,29,24,39,4,4
4/24/2017,73,20,28,29,2,3
4/25/2017,55,20,24,31,1,3
4/26/2017,58,28,28,45,4,5
4/27/2017,62,28,24,41,3,4
4/28/2017,70,26,35,50,4,5
4/29/2017,64,27,37,32,3,4
4/30/2017,67,16,30,30,2,4
5/1/2017,45,33,29,37,2,4
5/2/2017,70,35,32,35,1,4
5/3/2017,77,39,30,37,1,3
5/4/2017,78,29,33,36,1,3
5/5/2017,57,33,29,29,2,2
5/6/2017,89,30,36,25,1,3
5/7/2017,78,31,32,29,1,2
5/8/2017,62,31,32,36,1,2
5/9/2017,61,31,29,54,3,4
5/10/2017,67,47,27,55,5,5
5/11/2017,112,33,33,52,5,5
5/12/2017,84,31,38,48,3,3
5/13/2017,72,21,33,35,2,3
5/14/2017,51,24,25,48,4,4
5/15/2017,57,26,24,46,4,5
5/16/2017,60,28,16,42,5,5
5/17/2017,78,28,25,40,3,5
5/18/2017,72,22,30,44,3,6
5/19/2017,61,21,32,49,3,6
5/20/2017,53,19,38,46,2,5
5/21/2017,51,29,41,61,3,7
5/22/2017,72,23,25,47,3,7
5/23/2017,59,26,95,47,2,5
5/24/2017,71,35,57,60,3,6
5/25/2017,73,30,40,56,3,6
5/26/2017,70,28,40,48,2,6
5/27/2017,73,23,33,38,2,5
5/28/2017,62,24,34,40,2,6
5/29/2017,63,20,28,47,4,6
5/30/2017,58,25,22,40,4,5
5/31/2017,59,25,35,54,5,5
6/1/2017,63,30,32,52,4,5
6/2/2017,85,23,34,32,3,3
6/3/2017,59,18,30,35,3,4
6/4/2017,48,21,30,43,4,4
6/5/2017,53,19,27,43,5,5
6/6/2017,51,89,27,46,4,5
6/7/2017,53,22,25,50,4,5
6/8/2017,62,27,27,49,5,5
6/9/2017,63,22,29,36,3,4
6/10/2017,59,19,32,32,3,4
6/11/2017,53,21,27,43,4,5
6/12/2017,55,24,27,44,4,4
6/13/2017,61,29,43,48,3,4
6/14/2017,67,31,32,50,4,5
6/15/2017,71,25,29,33,3,4
6/16/2017,63,27,38,37,2,5
6/17/2017,74,28,63,47,2,5
6/18/2017,77,39,67,66,3,6
6/19/2017,92,45,38,63,2,6
6/20/2017,105,43,81,63,3,6
6/21/2017,96,36,45,52,4,6
6/22/2017,81,22,27,46,4,5
6/23/2017,56,20,22,34,3,5
6/24/2017,52,15,22,27,3,4
6/25/2017,44,23,30,36,2,3
6/26/2017,52,28,22,45,3,4
6/27/2017,67,21,21,33,2,3
6/28/2017,68,20,20,57,5,3
6/29/2017,58,20,25,32,2,2
6/30/2017,61,22,27,33,2,2
1/2/2017,72,28,13,49,6,4
1/3/2017,64,33,19,45,3,2
1/4/2017,73,45,11,57,4,7
1/5/2017,98,46,13,72,7,7
1/6/2017,101,26,13,38,4,4
1/7/2017,86,29,11,45,5,5
1/8/2017,89,24,19,52,6,4
1/9/2017,71,34,13,50,6,4
1/10/2017,82,56,27,42,5,3
1/11/2017,74,24,24,51,7,4
1/12/2017,68,24,25,35,8,2
1/13/2017,70,24,19,36,4,3
1/14/2017,68,24,13,39,4,3
1/15/2017,64,30,11,52,4,3
1/16/2017,80,45,12,59,5,4
1/17/2017,99,61,6,72,7,7
1/18/2017,125,60,6,61,5,5
1/19/2017,132,49,10,58,4,4
1/20/2017,97,50,9,54,5,5
1/21/2017,104,73,6,63,8,13
1/22/2017,164,83,6,74,13,15
1/23/2017,177,66,6,71,11,12
1/24/2017,155,47,7,64,8,10
1/25/2017,119,59,12,47,5,5
1/26/2017,143,62,6,47,5,5
1/27/2017,143,39,25,45,5,4
1/28/2017,69,23,24,41,4,3
1/29/2017,50,31,16,41,5,3
1/30/2017,79,33,11,40,5,4
1/31/2017,97,24,18,44,6,5
2/1/2017,73,26,26,39,5,3
2/2/2017,59,31,31,50,5,4
2/3/2017,54,33,19,64,6,6
2/4/2017,68,28,17,43,4,4
2/5/2017,78,42,20,54,6,7
2/6/2017,103,35,24,55,5,5
2/7/2017,79,41,10,44,3,2
2/8/2017,91,41,17,52,2,2
2/9/2017,104,50,12,43,3,3
2/10/2017,133,43,17,34,3,4
2/11/2017,123,49,13,35,3,5
2/12/2017,133,59,11,35,3,4
2/13/2017,144,50,9,46,4,4
2/14/2017,108,35,19,50,4,3
2/15/2017,82,36,21,57,6,4
2/16/2017,69,37,20,54,6,5
2/17/2017,80,37,27,49,4,4
2/18/2017,92,30,24,43,4,5
2/19/2017,77,25,18,40,5,4
2/20/2017,66,22,23,47,5,5
2/21/2017,57,19,30,50,5,2
2/22/2017,59,21,32,34,3,2
2/23/2017,48,25,30,44,2,3
2/24/2017,61,28,31,41,3,4
2/25/2017,62,15,33,34,2,4
2/26/2017,47,17,36,51,5,6
2/27/2017,53,25,33,49,6,5
2/28/2017,55,29,33,55,5,2
3/1/2017,60,32,34,48,4,2
3/2/2017,60,32,29,48,3,2
3/3/2017,71,26,38,45,4,2
3/4/2017,60,17,36,39,3,2
3/5/2017,46,26,34,37,3,2
3/6/2017,57,27,31,47,3,2
3/7/2017,61,27,38,51,5,2
3/8/2017,77,24,31,46,3,2
3/9/2017,68,28,19,56,4,4
3/10/2017,69,37,20,50,4,4
3/11/2017,90,39,17,38,3,3
3/12/2017,102,29,29,42,2,3
3/13/2017,65,28,22,43,4,4
3/14/2017,72,36,19,52,5,5
3/15/2017,81,37,20,50,6,6
3/16/2017,92,26,28,47,4,5
3/17/2017,56,21,26,37,4,5
3/18/2017,53,18,29,32,3,5
3/19/2017,48,23,28,46,5,6
3/20/2017,53,26,30,50,5,7
3/21/2017,54,24,30,51,3,7
3/22/2017,55,32,26,41,2,3
3/23/2017,86,40,26,37,1,2
3/24/2017,96,23,37,39,1,2
3/25/2017,59,19,32,33,1,2
3/26/2017,53,46,24,41,2,4
3/27/2017,118,50,34,50,4,5
3/28/2017,121,27,35,50,3,4
3/29/2017,65,28,41,59,3,4
3/30/2017,64,27,38,60,4,4
3/31/2017,65,24,38,50,4,4
10/1/2016,63,21,23,32,3,2
10/2/2016,63,29,18,53,6,5
10/3/2016,71,29,17,41,9,4
10/4/2016,70,28,20,38,7,2
10/5/2016,57,22,26,46,3,2
10/6/2016,55,26,17,45,4,2
10/7/2016,72,22,26,32,4,2
10/8/2016,67,17,26,29,4,2
10/9/2016,53,23,24,36,5,2
10/10/2016,63,23,18,42,6,3
10/11/2016,65,23,18,37,7,4
10/12/2016,64,26,13,36,9,6
10/13/2016,71,33,11,41,11,6
10/14/2016,83,31,27,50,12,7
10/15/2016,77,21,29,40,8,5
10/16/2016,57,28,27,59,10,8
10/17/2016,65,21,28,43,8,6
10/18/2016,54,22,22,36,6,5
10/19/2016,66,25,19,36,7,4
10/20/2016,65,24,17,41,7,4
10/21/2016,74,22,18,34,8,4
10/22/2016,66,24,17,33,10,3
10/23/2016,70,33,11,44,10,3
10/24/2016,86,44,7,52,10,5
10/25/2016,109,41,20,59,8,6
10/26/2016,95,33,20,57,8,6
10/27/2016,80,35,24,47,8,4
10/28/2016,86,46,7,55,10,7
10/29/2016,106,55,3,49,16,7
10/30/2016,140,58,3,50,13,7
10/31/2016,141,47,17,52,6,7
11/1/2016,108,34,15,63,3,4
11/2/2016,89,44,11,78,8,7
11/3/2016,102,36,11,65,7,5
11/4/2016,84,38,21,38,5,3
11/5/2016,86,25,19,26,6,3
11/6/2016,74,22,21,38,5,3
11/7/2016,59,33,8,51,7,4
11/8/2016,80,21,13,42,6,4
11/9/2016,58,30,15,51,7,6
11/10/2016,65,36,13,53,4,6
11/11/2016,83,27,14,45,3,5
11/12/2016,75,30,18,39,2,4
11/13/2016,68,39,9,59,7,5
11/14/2016,85,33,15,47,7,5
11/15/2016,72,27,21,56,7,3
11/16/2016,62,30,24,59,7,3
11/17/2016,62,28,27,66,8,5
11/18/2016,59,26,17,54,6,4
11/19/2016,57,17,24,37,7,4
11/20/2016,62,25,24,46,8,4
11/21/2016,85,25,26,50,7,7
11/22/2016,53,55,12,43,7,7
11/23/2016,70,23,26,41,5,5
11/24/2016,48,23,25,46,4,2
11/25/2016,52,29,14,38,6,6
11/26/2016,76,23,23,36,5,6
11/27/2016,67,26,25,48,4,7
11/28/2016,57,43,6,63,6,10
11/29/2016,97,83,3,86,13,18
11/30/2016,151,60,3,74,12,12
12/1/2016,139,52,3,56,12,6
12/2/2016,124,29,20,48,10,3
12/3/2016,58,31,13,47,11,3
12/4/2016,67,58,1,51,15,7
12/5/2016,130,59,3,59,20,8
12/6/2016,147,46,9,58,15,4
12/7/2016,104,40,13,53,10,3
12/8/2016,96,40,12,52,7,3
12/9/2016,93,34,21,43,5,3
12/10/2016,82,28,14,48,5,4
12/11/2016,70,32,10,49,5,5
12/12/2016,75,34,13,52,6,5
12/13/2016,87,43,11,55,5,5
12/14/2016,98,44,4,47,4,5
12/15/2016,102,53,2,49,4,5
12/16/2016,125,46,2,55,5,6
12/17/2016,118,36,2,56,3,4
12/18/2016,100,47,3,54,4,4
12/19/2016,112,40,6,45,4,5
12/20/2016,102,35,21,53,5,5
12/21/2016,72,38,10,67,6,6
12/22/2016,76,23,25,52,4,4
12/23/2016,56,32,25,46,3,3
12/24/2016,58,16,29,23,3,2
12/25/2016,39,20,28,72,3,4
12/26/2016,47,47,3,92,5,11
12/27/2016,100,60,2,92,7,13
12/28/2016,141,52,4,70,6,9
12/29/2016,126,46,4,49,7,7
12/30/2016,119,32,8,41,4,4
12/31/2016,83,16,27,13,3,2
1/1/2017,48,27,23,32,2,2
7/1/2016,59,19,22,39,4,5
7/2/2016,60,20,27,40,4,5
7/3/2016,55,22,22,46,4,5
7/4/2016,63,19,28,26,3,4
7/5/2016,46,21,31,35,3,1
7/6/2016,53,27,29,64,6,6
7/7/2016,70,24,23,41,5,9
7/8/2016,71,22,17,37,4,8
7/9/2016,71,18,24,31,6,8
7/10/2016,64,22,20,40,6,9
7/11/2016,69,26,17,38,6,8
7/12/2016,73,21,19,26,6,4
7/13/2016,67,20,25,31,5,2
7/14/2016,68,23,19,47,6,5
7/15/2016,63,17,17,29,5,4
7/16/2016,54,16,20,25,5,5
7/17/2016,55,24,42,48,6,7
7/18/2016,65,30,40,61,7,8
7/19/2016,75,37,48,59,8,9
7/20/2016,87,22,28,34,7,6
7/21/2016,71,35,21,45,4,7
7/22/2016,94,28,42,50,4,7
7/23/2016,75,20,27,34,4,6
7/24/2016,54,21,25,33,4,9
7/25/2016,55,24,22,40,5,11
7/26/2016,62,24,18,39,4,9
7/27/2016,67,26,23,49,4,7
7/28/2016,62,28,17,50,6,6
7/29/2016,60,23,25,30,3,7
7/30/2016,69,15,26,27,3,6
7/31/2016,50,23,17,47,5,9
8/1/2016,58,24,16,42,5,10
8/2/2016,61,26,21,44,4,9
8/3/2016,58,24,22,40,4,7
8/4/2016,58,22,29,40,4,7
8/5/2016,61,25,34,38,4,6
8/6/2016,65,21,26,32,3,7
8/7/2016,53,21,23,29,3,5
8/8/2016,62,25,24,29,2,4
8/9/2016,64,22,23,29,3,7
8/10/2016,59,22,18,32,4,8
8/11/2016,61,26,29,49,5,6
8/12/2016,66,19,24,38,4,3
8/13/2016,55,18,27,30,2,1
8/14/2016,54,21,25,43,4,2
8/15/2016,56,24,31,44,4,2
8/16/2016,60,32,36,53,4,2
8/17/2016,74,33,37,48,4,2
8/18/2016,73,34,30,54,5,3
8/19/2016,86,26,27,35,4,2
8/20/2016,58,16,27,32,3,2
8/21/2016,48,28,26,45,4,2
8/22/2016,64,29,40,65,5,2
8/23/2016,69,38,53,67,6,3
8/24/2016,91,40,38,51,4,4
8/25/2016,101,28,28,45,5,3
8/26/2016,84,31,34,41,4,3
8/27/2016,77,25,27,35,4,6
8/28/2016,67,23,30,31,3,3
8/29/2016,72,30,39,66,5,5
8/30/2016,71,29,23,57,6,4
8/31/2016,68,28,26,48,6,4
9/1/2016,64,27,15,44,5,7
9/2/2016,67,24,22,39,5,6
9/3/2016,62,20,22,26,6,6
9/4/2016,52,28,12,42,5,8
9/5/2016,65,32,9,41,5,8
9/6/2016,80,33,37,56,3,7
9/7/2016,75,33,28,56,5,6
9/8/2016,77,26,25,48,5,3
9/9/2016,62,24,20,40,4,2
9/10/2016,60,24,29,45,4,2
9/11/2016,57,27,24,50,4,3
9/12/2016,62,44,44,67,4,3
9/13/2016,93,40,42,69,3,2
9/14/2016,94,41,47,60,3,4
9/15/2016,100,37,26,29,2,3
9/16/2016,81,19,18,22,2,6
9/17/2016,60,21,31,28,3,6
9/18/2016,70,34,20,34,3,6
9/19/2016,92,28,17,38,3,5
9/20/2016,83,35,36,63,4,8
9/21/2016,85,34,23,59,5,8
9/22/2016,78,29,28,65,6,6
9/23/2016,63,23,36,54,7,2
9/24/2016,61,24,30,41,7,4
9/25/2016,54,37,19,53,7,4
9/26/2016,61,27,18,48,7,4
9/27/2016,62,35,19,48,8,4
9/28/2016,69,26,22,46,10,4
9/29/2016,59,31,22,56,11,5
9/30/2016,65,23,19,47,7,4
4/1/2016,83,32,35,55,4,5
4/2/2016,77,32,29,46,4,5
4/3/2016,86,29,31,60,5,4
4/4/2016,70,27,32,49,5,3
4/5/2016,65,26,29,61,6,4
4/6/2016,57,24,22,52,6,5
4/7/2016,59,29,26,54,5,5
4/8/2016,70,20,31,48,5,4
4/9/2016,49,18,34,42,4,4
4/10/2016,48,42,19,49,6,6
4/11/2016,103,27,31,61,6,5
4/12/2016,63,29,27,60,6,5
4/13/2016,73,32,33,65,5,4
4/14/2016,73,27,28,62,6,4
4/15/2016,75,19,27,39,6,3
4/16/2016,60,19,31,37,4,3
4/17/2016,57,29,27,59,5,6
4/18/2016,67,23,33,45,3,3
4/19/2016,56,30,27,45,4,3
4/20/2016,60,33,30,46,4,3
4/21/2016,69,28,29,46,4,3
4/22/2016,65,19,30,38,4,2
4/23/2016,57,20,34,34,4,3
4/24/2016,60,25,26,44,6,4
4/25/2016,71,19,29,36,6,2
4/26/2016,55,24,31,44,5,3
4/27/2016,62,29,31,53,6,5
4/28/2016,72,32,29,49,5,6
4/29/2016,79,21,33,35,4,4
4/30/2016,63,24,36,45,4,7
5/1/2016,57,24,32,32,3,4
5/2/2016,60,26,33,43,4,3
5/3/2016,67,33,38,70,6,5
5/4/2016,68,39,42,76,5,5
5/5/2016,77,44,35,71,6,5
5/6/2016,96,45,45,54,6,4
5/7/2016,110,29,52,52,7,3
5/8/2016,72,38,40,59,7,5
5/9/2016,83,36,20,49,7,6
5/10/2016,92,42,18,49,8,10
5/11/2016,113,42,52,53,8,5
5/12/2016,98,34,39,36,7,4
5/13/2016,77,22,37,34,6,2
5/14/2016,59,29,41,44,5,3
5/15/2016,79,34,37,47,6,4
5/16/2016,79,30,37,62,7,5
5/17/2016,76,27,36,61,8,4
5/18/2016,70,27,28,50,8,3
5/19/2016,71,26,29,55,7,5
5/20/2016,65,22,29,44,8,5
5/21/2016,60,20,32,34,9,3
5/22/2016,59,17,29,32,6,3
5/23/2016,49,17,28,37,3,2
5/24/2016,47,26,34,39,4,4
5/25/2016,66,30,31,59,5,6
5/26/2016,72,34,35,52,4,4
5/27/2016,78,32,40,44,4,3
5/28/2016,87,22,37,25,4,3
5/29/2016,70,19,33,21,4,2
5/30/2016,62,14,28,25,5,2
5/31/2016,52,18,28,28,4,2
6/1/2016,53,17,33,36,4,3
6/2/2016,50,25,31,42,5,2
6/3/2016,75,36,28,38,5,2
6/4/2016,95,33,34,33,5,2
6/5/2016,77,32,25,52,5,3
6/6/2016,69,48,23,78,5,5
6/7/2016,93,38,36,63,5,4
6/8/2016,90,34,20,54,5,1
6/9/2016,81,37,40,76,7,3
6/10/2016,76,33,40,57,7,4
6/11/2016,82,27,29,43,8,5
6/12/2016,65,32,18,43,9,4
6/13/2016,66,26,19,50,10,9
6/14/2016,63,27,24,54,10,5
6/15/2016,64,24,28,56,10,3
6/16/2016,61,25,27,41,9,4
6/17/2016,71,29,22,37,7,4
6/18/2016,70,23,30,40,7,6
6/19/2016,60,17,19,40,8,8
6/20/2016,49,23,22,56,8,9
6/21/2016,60,26,18,61,6,7
6/22/2016,69,29,10,58,6,9
6/23/2016,75,26,26,57,7,6
6/24/2016,62,18,24,38,4,3
6/25/2016,52,16,25,32,4,3
6/26/2016,52,15,26,27,4,3
6/27/2016,44,27,27,53,5,9
6/28/2016,63,23,20,49,8,7
6/29/2016,59,24,25,59,5,4
6/30/2016,65,26,23,54,5,5
1/4/2016,54,30,20,52,12,6
1/5/2016,61,38,2,53,12,7
1/6/2016,91,20,26,42,11,6
1/7/2016,51,33,16,58,8,8
1/8/2016,71,23,27,40,3,4
1/9/2016,56,18,28,39,4,5
1/10/2016,46,22,24,51,6,7
1/11/2016,59,22,19,43,5,7
1/12/2016,55,31,20,52,5,7
1/13/2016,61,18,22,42,4,4
1/14/2016,47,20,19,44,2,5
1/15/2016,52,38,9,50,3,7
1/16/2016,82,23,15,55,2,7
1/17/2016,58,34,15,52,4,7
1/18/2016,71,61,1,77,9,13
1/19/2016,138,72,1,89,12,17
1/20/2016,159,55,13,61,6,12
1/21/2016,109,42,14,50,6,10
1/22/2016,82,38,16,49,5,6
1/23/2016,77,20,15,35,4,4
1/24/2016,60,30,22,44,5,4
1/25/2016,63,31,24,42,4,3
1/26/2016,61,17,28,40,5,3
1/27/2016,46,35,22,52,6,3
1/28/2016,58,23,28,40,5,5
1/29/2016,50,27,30,39,5,7
1/30/2016,51,20,21,39,5,8
1/31/2016,51,28,29,38,5,7
2/1/2016,59,34,28,44,6,8
2/2/2016,64,25,19,40,5,9
2/3/2016,59,25,20,42,5,9
2/4/2016,63,29,26,48,6,8
2/5/2016,63,23,29,30,6,4
2/6/2016,58,18,29,34,7,6
2/7/2016,40,31,32,40,7,7
2/8/2016,56,29,28,51,8,9
2/9/2016,58,22,21,40,7,10
2/10/2016,59,48,12,68,10,12
2/11/2016,94,30,16,51,8,5
2/12/2016,68,31,14,41,9,5
2/13/2016,83,25,27,34,7,5
2/14/2016,60,30,25,56,4,6
2/15/2016,70,42,22,70,6,10
2/16/2016,77,37,23,70,5,9
2/17/2016,74,29,22,50,6,6
2/18/2016,72,35,27,71,7,8
2/19/2016,74,22,29,51,6,5
2/20/2016,48,17,30,40,6,3
2/21/2016,42,18,28,40,7,3
2/22/2016,54,28,20,45,6,4
2/23/2016,63,48,10,65,8,8
2/24/2016,103,46,17,67,7,8
2/25/2016,104,46,17,62,7,9
2/26/2016,101,34,24,37,7,7
2/27/2016,89,17,30,34,5,7
2/28/2016,51,29,27,49,5,9
2/29/2016,62,27,28,52,6,9
3/1/2016,57,23,30,49,8,8
3/2/2016,48,23,29,45,8,4
3/3/2016,55,30,28,58,9,3
3/4/2016,58,28,26,39,3,4
3/5/2016,78,29,23,34,2,3
3/6/2016,66,32,25,42,2,3
3/7/2016,65,38,23,61,6,4
3/8/2016,77,21,24,46,3,3
3/9/2016,68,43,14,44,2,5
3/10/2016,109,60,14,55,3,6
3/11/2016,154,66,20,49,3,6
3/12/2016,162,45,27,36,1,4
3/13/2016,117,32,28,38,1,3
3/14/2016,87,32,42,41,2,4
3/15/2016,83,29,31,37,1,4
3/16/2016,76,41,35,48,2,5
3/17/2016,104,25,34,45,3,4
3/18/2016,72,17,38,37,3,4
3/19/2016,52,18,33,35,3,4
3/20/2016,52,31,27,44,4,4
3/21/2016,89,34,24,51,5,5
3/22/2016,90,44,19,52,5,5
3/23/2016,109,44,24,71,7,8
3/24/2016,101,22,33,48,6,4
3/25/2016,63,24,33,42,7,2
3/26/2016,59,22,33,39,7,2
3/27/2016,39,18,32,39,10,3
3/28/2016,44,25,31,65,8,4
3/29/2016,51,28,27,56,7,5
3/30/2016,56,25,27,60,5,4
3/31/2016,67,34,30,68,5,7
10/1/2015,66,36,18,63,3,5
10/2/2015,86,50,14,51,4,6
10/3/2015,129,44,33,55,5,6
10/4/2015,110,30,18,46,5,6
10/5/2015,82,27,17,52,6,5
10/6/2015,77,28,10,41,6,4
10/7/2015,71,34,17,49,6,4
10/8/2015,80,44,10,61,7,6
10/9/2015,102,26,17,42,3,3
10/10/2015,68,38,22,38,3,3
10/11/2015,96,37,20,54,3,4
10/12/2015,92,26,21,52,3,4
10/13/2015,67,21,21,54,2,5
10/14/2015,52,28,17,52,3,6
10/15/2015,72,35,22,52,3,5
10/16/2015,83,28,23,38,2,4
10/17/2015,68,20,19,30,2,5
10/18/2015,64,26,20,49,3,5
10/19/2015,71,34,15,60,4,7
10/20/2015,81,37,9,57,8,11
10/21/2015,88,34,25,48,6,8
10/22/2015,72,39,15,75,7,9
10/23/2015,81,27,23,70,5,8
10/24/2015,75,27,14,58,4,7
10/25/2015,68,36,13,48,5,7
10/26/2015,80,48,9,42,6,9
10/27/2015,95,33,15,54,7,9
10/28/2015,75,29,18,55,6,9
10/29/2015,67,30,15,48,6,8
10/30/2015,68,50,6,39,5,8
10/31/2015,111,60,4,43,7,13
11/1/2015,152,49,3,40,6,9
11/2/2015,116,46,8,41,7,6
11/3/2015,104,40,10,53,8,5
11/4/2015,93,29,18,54,7,7
11/5/2015,74,26,20,43,6,7
11/6/2015,69,26,20,35,6,6
11/7/2015,63,24,19,37,5,6
11/8/2015,63,29,26,42,6,6
11/9/2015,58,28,24,44,6,7
11/10/2015,64,29,25,53,6,6
11/11/2015,60,36,23,53,6,6
11/12/2015,70,33,28,55,7,6
11/13/2015,59,24,23,44,5,6
11/14/2015,58,21,25,28,4,5
11/15/2015,51,27,27,49,6,7
11/16/2015,58,27,27,41,6,6
11/17/2015,55,33,27,43,5,6
11/18/2015,60,32,25,57,7,5
11/19/2015,69,30,19,47,5,3
11/20/2015,55,19,26,30,6,3
11/21/2015,52,26,13,41,5,5
11/22/2015,67,40,15,62,7,8
11/23/2015,104,28,22,56,7,7
11/24/2015,61,26,17,41,6,4
11/25/2015,67,36,11,52,6,10
11/26/2015,78,28,23,49,6,10
11/27/2015,71,26,28,44,5,10
11/28/2015,54,23,29,36,5,10
11/29/2015,51,23,26,49,5,10
11/30/2015,53,27,28,58,6,9
12/1/2015,62,33,32,55,5,9
12/2/2015,70,35,25,50,5,7
12/3/2015,75,30,26,51,6,6
12/4/2015,65,27,32,41,5,6
12/5/2015,57,25,32,37,5,6
12/6/2015,56,33,23,41,6,5
12/7/2015,72,29,23,51,6,5
12/8/2015,68,33,22,54,7,6
12/9/2015,68,30,29,50,6,6
12/10/2015,70,29,20,51,7,6
12/11/2015,64,29,28,43,6,5
12/12/2015,61,24,19,36,6,5
12/13/2015,62,33,16,44,6,5
12/14/2015,78,37,7,42,5,6
12/15/2015,90,33,25,52,6,6
12/16/2015,70,48,16,49,6,6
12/17/2015,95,36,20,59,6,6
12/18/2015,79,31,19,40,5,5
12/19/2015,75,26,27,44,6,5
12/20/2015,57,24,26,55,6,5
12/21/2015,54,17,27,42,6,4
12/22/2015,70,28,28,52,5,4
12/23/2015,60,22,27,41,6,3
12/24/2015,54,18,26,30,5,3
12/25/2015,42,23,28,22,5,2
12/26/2015,60,56,28,38,5,5
12/27/2015,98,37,16,36,6,4
12/28/2015,75,24,26,53,6,5
12/29/2015,59,20,27,37,7,3
12/30/2015,50,,,,,
1/1/2016,64,15,19,28,9,3
1/2/2016,48,17,25,37,10,3
1/3/2016,42,25,21,45,12,5
7/1/2015,104,33,41,70,6,7
7/2/2015,77,22,30,45,5,4
7/3/2015,53,33,34,43,5,3
7/4/2015,81,24,30,35,6,3
7/5/2015,62,23,27,50,6,4
7/6/2015,60,25,28,54,6,5
7/7/2015,53,24,30,39,6,4
7/8/2015,59,33,39,43,5,3
7/9/2015,54,28,43,66,6,5
7/10/2015,63,26,32,45,7,4
7/11/2015,62,19,22,39,6,5
7/12/2015,57,20,17,45,7,6
7/13/2015,64,19,15,40,6,5
7/14/2015,58,22,19,41,5,11
7/15/2015,61,33,32,54,4,4
7/16/2015,71,34,32,62,6,6
7/17/2015,70,26,36,56,5,5
7/18/2015,66,23,34,47,4,5
7/19/2015,57,31,18,46,6,6
7/20/2015,74,26,23,58,6,7
7/21/2015,64,25,25,59,6,6
7/22/2015,62,24,29,53,5,5
7/23/2015,56,29,22,59,5,5
7/24/2015,70,19,28,27,4,4
7/25/2015,54,23,25,50,5,7
7/26/2015,63,23,24,53,6,7
7/27/2015,56,19,27,48,6,7
7/28/2015,48,21,24,34,5,5
7/29/2015,49,31,24,40,4,2
7/30/2015,49,27,36,63,6,7
7/31/2015,70,33,29,48,5,6
8/1/2015,66,22,47,49,5,6
8/2/2015,57,26,27,44,6,7
8/3/2015,66,25,29,35,4,4
8/4/2015,62,27,28,48,3,6
8/5/2015,70,23,26,60,6,6
8/6/2015,69,26,27,54,5,4
8/7/2015,67,27,42,42,4,4
8/8/2015,63,22,37,50,5,4
8/9/2015,62,21,22,39,5,4
8/10/2015,59,22,14,43,5,3
8/11/2015,56,20,22,38,5,3
8/12/2015,49,31,19,29,6,4
8/13/2015,76,36,26,43,7,4
8/14/2015,95,25,27,27,6,3
8/15/2015,65,25,24,31,6,5
8/16/2015,63,27,33,43,6,4
8/17/2015,65,32,22,50,7,5
8/18/2015,77,23,26,53,6,6
8/19/2015,69,20,19,42,7,6
8/20/2015,63,21,23,45,6,6
8/21/2015,65,22,38,40,7,5
8/22/2015,66,24,35,43,8,5
8/23/2015,71,18,17,36,9,4
8/24/2015,60,22,19,44,8,5
8/25/2015,63,21,20,39,7,4
8/26/2015,64,24,20,46,6,4
8/27/2015,67,24,23,48,6,5
8/28/2015,63,20,26,42,5,4
8/29/2015,62,27,22,27,2,4
8/30/2015,72,16,21,30,3,3
8/31/2015,54,23,19,40,5,4
9/1/2015,70,23,21,41,4,4
9/2/2015,67,25,22,40,3,4
9/3/2015,69,22,19,41,3,3
9/4/2015,69,21,20,40,3,3
9/5/2015,60,21,28,32,3,4
9/6/2015,61,18,20,39,2,3
9/7/2015,52,16,19,39,2,3
9/8/2015,51,21,22,36,3,4
9/9/2015,57,31,24,48,4,5
9/10/2015,72,39,32,51,5,6
9/11/2015,88,25,30,44,5,6
9/12/2015,67,25,23,36,5,5
9/13/2015,60,26,25,41,6,7
9/14/2015,64,29,26,46,7,7
9/15/2015,64,24,22,41,6,4
9/16/2015,56,29,28,48,7,6
9/17/2015,71,32,19,74,7,5
9/18/2015,69,23,28,52,3,4
9/19/2015,65,30,32,51,6,7
9/20/2015,86,26,24,61,8,8
9/21/2015,81,21,16,55,5,4
9/22/2015,58,27,14,55,6,4
9/23/2015,62,27,20,57,7,6
9/24/2015,67,34,21,46,4,5
9/25/2015,73,30,22,45,3,5
9/26/2015,74,20,24,39,2,4
9/27/2015,59,24,19,47,3,4
9/28/2015,59,28,19,44,2,3
9/29/2015,61,31,21,43,2,4
9/30/2015,65,28,24,42,2,4
4/1/2015,46,23,26,42,4,5
4/2/2015,55,22,20,35,4,5
4/3/2015,60,23,21,31,3,4
4/4/2015,66,21,27,29,2,5
4/5/2015,61,26,27,36,3,5
4/6/2015,70,22,24,40,4,5
4/7/2015,49,,,,,
4/9/2015,149,60,32,67,5,4
4/10/2015,144,26,35,37,4,2
4/11/2015,65,24,36,41,4,
4/12/2015,56,28,29,45,5,2
4/13/2015,65,31,36,53,6,3
4/14/2015,74,37,36,55,6,4
4/15/2015,89,27,24,38,4,3
4/16/2015,65,22,30,39,4,1
4/17/2015,52,23,35,32,3,1
4/18/2015,53,23,34,34,3,15
4/19/2015,54,35,35,48,3,17
4/20/2015,71,34,33,49,3,13
4/21/2015,69,27,30,47,3,8
4/22/2015,69,30,30,59,5,4
4/23/2015,76,50,33,75,7,6
4/24/2015,125,26,31,51,6,4
4/25/2015,77,20,27,33,5,2
4/26/2015,61,28,19,37,6,3
4/27/2015,66,29,26,46,6,3
4/28/2015,61,49,28,62,7,4
4/29/2015,70,23,28,52,6,3
4/30/2015,63,26,27,43,5,3
5/1/2015,58,26,25,37,6,3
5/2/2015,65,20,33,34,7,3
5/3/2015,64,20,37,34,7,3
5/4/2015,62,28,34,39,8,2
5/5/2015,72,25,33,50,7,3
5/6/2015,66,26,31,69,6,5
5/7/2015,69,35,27,71,6,3
5/8/2015,77,25,38,46,4,4
5/9/2015,50,30,37,53,4,3
5/10/2015,61,27,30,61,5,5
5/11/2015,64,26,35,55,5,6
5/12/2015,55,31,30,57,3,5
5/13/2015,59,24,25,55,4,5
5/14/2015,66,28,31,50,3,5
5/15/2015,62,24,39,32,3,6
5/16/2015,65,25,35,42,3,7
5/17/2015,57,22,33,53,5,8
5/18/2015,57,20,28,50,6,7
5/19/2015,50,31,29,36,3,5
5/20/2015,60,31,38,63,7,5
5/21/2015,73,32,21,45,6,4
5/22/2015,69,26,25,30,3,2
5/23/2015,60,22,28,35,4,3
5/24/2015,58,25,34,27,2,3
5/25/2015,62,22,31,36,2,2
5/26/2015,57,26,35,49,3,3
5/27/2015,70,22,35,34,4,3
5/28/2015,51,24,29,47,6,3
5/29/2015,59,22,30,41,5,3
5/30/2015,59,21,30,31,4,2
5/31/2015,51,28,32,40,5,3
6/1/2015,60,24,33,38,5,3
6/2/2015,58,28,27,38,5,3
6/3/2015,60,37,34,65,5,4
6/4/2015,71,41,26,62,6,5
6/5/2015,89,21,33,34,4,2
6/6/2015,50,22,37,31,2,2
6/7/2015,54,28,27,40,3,3
6/8/2015,61,30,31,32,2,3
6/9/2015,50,26,36,44,2,3
6/10/2015,55,31,45,57,4,5
6/11/2015,69,48,44,67,4,6
6/12/2015,98,35,30,50,6,7
6/13/2015,88,30,29,35,4,5
6/14/2015,69,23,30,40,3,4
6/15/2015,48,32,37,62,5,6
6/16/2015,66,30,21,51,6,5
6/17/2015,63,39,32,33,3,4
6/18/2015,66,36,31,34,3,3
6/19/2015,70,29,21,47,5,6
6/20/2015,71,20,28,30,4,6
6/21/2015,53,24,22,41,5,6
6/22/2015,54,26,28,38,3,5
6/23/2015,55,26,35,77,6,8
6/24/2015,68,36,35,71,7,8
6/25/2015,74,30,38,77,6,7
6/26/2015,70,27,32,48,5,6
6/27/2015,59,25,24,49,5,8
6/28/2015,61,26,35,61,6,7
6/29/2015,64,34,45,77,6,7
6/30/2015,68,44,69,86,5,8
1/1/2015,75,17,28,27,3,4
1/2/2015,42,16,21,37,2,4
1/3/2015,49,33,8,36,4,7
1/4/2015,88,29,14,42,5,7
1/5/2015,72,19,24,36,4,7
1/6/2015,51,22,24,39,4,7
1/7/2015,53,19,28,40,4,7
1/8/2015,50,20,31,39,5,8
1/9/2015,52,11,30,25,2,6
1/10/2015,32,19,26,39,3,8
1/11/2015,46,17,34,39,4,8
1/12/2015,45,18,29,47,6,10
1/13/2015,47,18,29,43,5,8
1/14/2015,44,20,34,45,6,9
1/15/2015,52,25,21,35,4,9
1/16/2015,53,13,12,24,3,
1/17/2015,47,16,13,26,3,9
1/18/2015,55,26,10,41,4,6
1/19/2015,75,43,10,51,7,8
1/20/2015,100,32,14,43,5,8
1/21/2015,82,42,6,46,4,8
1/22/2015,114,54,8,53,9,12
1/23/2015,132,23,26,30,2,7
1/24/2015,50,36,15,44,5,11
1/25/2015,69,21,23,36,3,5
1/26/2015,49,17,10,39,4,8
1/27/2015,48,13,25,42,5,9
1/28/2015,28,10,23,42,7,6
1/29/2015,32,17,21,40,7,6
1/30/2015,44,14,21,36,6,5
1/31/2015,42,17,27,28,4,3
2/1/2015,37,27,13,39,5,5
2/2/2015,53,25,18,49,4,5
2/3/2015,61,33,15,47,4,5
2/4/2015,64,20,18,37,2,4
2/5/2015,48,22,18,23,2,4
2/6/2015,42,22,17,42,1,4
2/7/2015,63,38,23,36,2,5
2/8/2015,68,37,15,41,3,6
2/9/2015,86,44,16,49,6,8
2/10/2015,84,43,20,38,5,8
2/11/2015,97,55,4,49,6,7
2/12/2015,126,41,23,47,5,6
2/13/2015,98,19,25,36,5,4
2/14/2015,52,42,14,38,5,6
2/15/2015,99,36,13,44,6,7
2/16/2015,89,21,20,31,2,3
2/17/2015,52,27,25,38,4,6
2/18/2015,63,26,28,42,5,6
2/19/2015,61,22,23,46,5,6
2/20/2015,50,18,26,33,5,5
2/21/2015,49,13,30,29,5,7
2/22/2015,44,22,29,44,7,8
2/23/2015,51,20,23,35,6,8
2/24/2015,47,26,17,41,5,9
2/25/2015,54,31,14,58,3,6
2/26/2015,51,29,17,46,6,5
2/27/2015,61,18,28,31,4,3
2/28/2015,45,17,32,21,3,2
3/1/2015,43,18,29,37,5,4
3/2/2015,42,20,28,42,6,6
3/3/2015,45,25,26,41,3,4
3/4/2015,50,29,19,48,6,6
3/5/2015,64,24,29,43,4,6
3/6/2015,55,36,28,36,4,6
3/7/2015,76,30,27,36,4,6
3/8/2015,64,24,19,38,4,6
3/9/2015,63,33,18,49,3,5
3/10/2015,61,43,20,41,4,7
3/11/2015,99,41,19,43,4,4
3/12/2015,95,33,22,34,3,3
3/13/2015,80,25,26,19,,2
3/14/2015,66,35,21,20,1,2
3/15/2015,81,42,12,33,4,5
3/16/2015,104,62,10,31,3,5
3/17/2015,156,56,24,32,1,4
3/18/2015,143,49,32,37,1,3
3/19/2015,106,48,35,48,3,5
3/20/2015,110,24,29,31,2,3
3/21/2015,55,29,29,24,2,3
3/22/2015,44,25,17,40,4,6
3/23/2015,71,30,23,45,4,5
3/24/2015,59,39,16,49,4,7
3/25/2015,82,19,27,37,5,4
3/26/2015,49,24,28,46,6,5
3/27/2015,54,20,25,31,4,4
3/28/2015,54,15,32,30,4,4
3/29/2015,36,19,29,34,4,5
3/30/2015,41,13,32,21,3,4
3/31/2015,30,20,29,35,4,4
10/1/2014,69,32,11,36,3,6
10/2/2014,72,36,21,48,4,7
10/3/2014,83,24,19,28,2,3
10/4/2014,61,21,15,33,3,5
10/5/2014,56,22,19,36,3,5
10/6/2014,58,26,22,46,5,6
10/7/2014,63,25,19,40,4,6
10/8/2014,63,25,23,30,3,2
10/9/2014,57,22,13,34,3,4
10/10/2014,53,21,17,39,3,4
10/11/2014,57,19,20,26,2,4
10/12/2014,59,16,27,26,3,4
10/13/2014,44,17,6,29,3,4
10/14/2014,46,30,8,31,3,4
10/15/2014,69,31,15,52,5,7
10/16/2014,67,31,19,42,4,5
10/17/2014,62,24,20,33,3,4
10/18/2014,56,23,23,33,2,3
10/19/2014,50,27,19,43,4,5
10/20/2014,62,15,23,26,2,2
10/21/2014,41,25,17,33,2,3
10/22/2014,56,28,,,,
10/23/2014,62,29,,,,
10/24/2014,68,24,,,,
10/25/2014,60,19,,,,
10/26/2014,49,24,,,,
10/27/2014,60,32,,,,
10/28/2014,75,22,,,,
10/29/2014,62,48,,,,
10/30/2014,113,41,,,,
10/31/2014,89,31,,,,
11/1/2014,64,24,,,,
11/2/2014,52,21,,,,
11/3/2014,56,24,,,,
11/4/2014,61,33,,,,
11/5/2014,80,44,,,,
11/6/2014,106,21,,,,
11/7/2014,56,24,,,,
11/8/2014,62,29,,,,
11/9/2014,80,23,,,,
11/10/2014,65,18,,,,
11/11/2014,54,15,,,,
11/12/2014,56,22,,,,
11/13/2014,53,27,,,,
11/14/2014,66,30,,,,
11/15/2014,76,25,,,,
11/16/2014,74,19,,,,
11/17/2014,61,23,,,,
11/18/2014,69,44,,,,
11/19/2014,115,46,,,,
11/20/2014,118,46,,,,
11/21/2014,114,40,,,,
11/22/2014,94,18,,,,
11/23/2014,58,39,,,,
11/24/2014,86,28,,,,
11/25/2014,75,31,4,37,6,8
11/26/2014,84,34,4,40,8,13
11/27/2014,89,36,2,30,5,11
11/28/2014,86,44,2,29,5,12
11/29/2014,105,39,9,29,4,11
11/30/2014,99,30,12,28,1,7
12/1/2014,81,24,17,44,2,7
12/2/2014,62,24,20,41,1,7
12/3/2014,53,25,17,34,2,6
12/4/2014,68,30,6,37,4,4
12/5/2014,76,32,4,49,4,4
12/6/2014,80,18,25,37,3,3
12/7/2014,49,19,19,38,3,2
12/8/2014,47,27,19,49,6,3
12/9/2014,60,27,30,52,5,2
12/10/2014,57,23,28,49,5,2
12/11/2014,53,20,33,48,6,3
12/12/2014,52,35,7,52,5,5
12/13/2014,77,25,24,38,4,3
12/14/2014,60,28,23,60,7,4
12/15/2014,64,34,6,54,7,5
12/16/2014,79,22,21,46,6,3
12/17/2014,56,18,25,43,6,3
12/18/2014,48,17,27,47,4,6
12/19/2014,43,17,24,43,3,6
12/20/2014,46,15,28,47,4,7
12/21/2014,43,18,27,45,4,7
12/22/2014,48,16,31,46,4,6
12/23/2014,42,11,31,33,2,5
12/24/2014,34,16,23,28,2,6
12/25/2014,44,18,14,38,3,7
12/26/2014,55,13,25,28,4,5
12/27/2014,43,27,22,30,1,6
12/28/2014,54,,,,,
7/1/2014,49,22,28,53,6,5
7/2/2014,60,22,36,64,6,5
7/3/2014,64,21,35,54,6,5
7/4/2014,62,7,18,8,4,4
7/5/2014,31,18,24,40,4,4
7/6/2014,55,14,19,36,5,4
7/7/2014,46,16,17,40,5,4
7/8/2014,58,19,28,30,2,3
7/9/2014,58,17,21,36,3,3
7/10/2014,52,17,18,41,3,3
7/11/2014,58,22,38,35,3,4
7/12/2014,66,15,24,27,4,4
7/13/2014,50,15,28,36,4,4
7/14/2014,46,17,28,37,4,4
7/15/2014,52,24,30,48,5,4
7/16/2014,63,21,27,44,5,3
7/17/2014,53,30,45,57,5,3
7/18/2014,82,23,43,44,4,4
7/19/2014,68,23,34,25,3,3
7/20/2014,69,20,27,24,2,3
7/21/2014,64,17,23,16,2,2
7/22/2014,55,20,34,24,2,3
7/23/2014,59,20,36,13,3,2
7/24/2014,58,20,30,26,5,4
7/25/2014,62,23,44,21,5,3
7/26/2014,68,17,31,22,5,3
7/27/2014,55,12,26,17,6,3
7/28/2014,44,12,37,16,7,3
7/29/2014,42,17,35,21,8,10
7/30/2014,54,23,29,40,7,5
7/31/2014,67,24,31,46,5,6
8/1/2014,72,19,29,32,4,5
8/2/2014,61,15,31,32,3,5
8/3/2014,49,19,28,38,5,5
8/4/2014,57,20,29,41,5,6
8/5/2014,64,19,29,38,5,5
8/6/2014,60,17,29,38,5,4
8/7/2014,58,25,25,44,6,6
8/8/2014,76,21,19,32,5,5
8/9/2014,64,,,,,
8/11/2014,58,20,28,43,7,6
8/12/2014,56,14,20,27,7,4
8/13/2014,42,16,21,38,11,5
8/14/2014,52,16,19,34,12,2
8/15/2014,50,14,29,34,14,3
8/16/2014,47,12,27,58,4,6
8/17/2014,42,12,21,32,6,3
8/18/2014,42,10,25,28,3,2
8/19/2014,35,14,24,29,3,3
8/20/2014,41,19,23,48,5,5
8/21/2014,60,13,26,34,3,3
8/22/2014,40,12,27,28,2,2
8/23/2014,38,16,30,39,3,4
8/24/2014,53,29,19,33,4,4
8/25/2014,85,17,20,29,3,3
8/26/2014,50,23,23,36,1,3
8/27/2014,61,15,23,23,1,3
8/28/2014,47,17,19,14,1,3
8/29/2014,48,10,19,10,1,
8/30/2014,35,13,22,20,1,5
8/31/2014,45,23,6,44,4,8
9/1/2014,71,20,18,32,1,5
9/2/2014,59,31,25,38,1,5
9/3/2014,84,33,20,38,1,4
9/4/2014,86,46,26,50,1,5
9/5/2014,114,51,22,43,2,6
9/6/2014,136,38,26,36,4,5
9/7/2014,102,31,25,44,3,5
9/8/2014,79,31,19,51,2,6
9/9/2014,79,25,17,43,2,7
9/10/2014,66,37,15,41,1,6
9/11/2014,93,29,22,43,1,6
9/12/2014,72,23,27,30,,5
9/13/2014,63,22,30,23,,5
9/14/2014,63,26,21,41,1,5
9/15/2014,66,48,23,41,3,6
9/16/2014,120,48,30,30,1,7
9/17/2014,126,50,29,38,3,9
9/18/2014,130,47,17,42,3,9
9/19/2014,118,41,21,33,1,7
9/20/2014,97,18,27,33,3,6
9/21/2014,53,35,19,35,20,7
9/22/2014,92,42,16,25,14,
9/23/2014,119,29,20,28,4,7
9/24/2014,82,33,17,49,5,7
9/25/2014,67,29,19,46,4,6
9/26/2014,66,26,12,39,2,4
9/27/2014,64,33,18,37,2,5
9/28/2014,88,47,13,50,5,7
9/29/2014,112,41,27,51,4,6
9/30/2014,92,34,19,37,4,5
4/1/2014,105,63,13,48,5,5
4/2/2014,144,61,11,31,3,5
4/3/2014,133,38,26,38,8,5
4/4/2014,99,21,24,29,4,3
4/5/2014,57,15,22,19,4,2
4/6/2014,49,17,23,29,5,2
4/7/2014,48,17,32,33,4,2
4/8/2014,42,28,25,43,6,3
4/9/2014,64,23,25,40,5,3
4/10/2014,55,26,27,51,3,4
4/11/2014,61,31,27,40,4,7
4/12/2014,71,20,31,25,3,4
4/13/2014,52,21,28,37,2,3
4/14/2014,55,20,25,36,2,5
4/15/2014,48,31,33,56,4,9
4/16/2014,64,36,29,51,5,8
4/17/2014,78,19,32,30,1,7
4/18/2014,44,19,32,24,1,7
4/19/2014,49,49,28,24,2,9
4/20/2014,117,42,25,38,3,9
4/21/2014,107,34,27,48,6,10
4/22/2014,78,28,27,52,5,9
4/23/2014,70,25,22,51,5,10
4/24/2014,66,36,21,43,4,9
4/25/2014,87,23,32,42,4,9
4/26/2014,57,19,25,37,4,8
4/27/2014,50,34,25,41,3,8
4/28/2014,83,42,25,48,4,9
4/29/2014,104,40,36,63,6,9
4/30/2014,101,32,25,57,6,6
5/1/2014,83,25,30,45,1,3
5/2/2014,66,18,35,38,2,3
5/3/2014,49,24,41,51,3,5
5/4/2014,64,30,47,53,3,5
5/5/2014,75,25,34,56,6,6
5/6/2014,62,22,28,55,6,5
5/7/2014,56,22,28,51,6,6
5/8/2014,57,24,30,46,5,4
5/9/2014,59,19,27,37,4,3
5/10/2014,53,19,29,39,3,3
5/11/2014,46,18,27,43,5,4
5/12/2014,49,19,20,46,4,3
5/13/2014,57,16,28,46,2,2
5/14/2014,54,26,28,44,3,3
5/15/2014,70,27,27,43,3,3
5/16/2014,77,27,31,26,1,
5/17/2014,72,27,49,44,3,4
5/18/2014,73,38,41,54,4,4
5/19/2014,98,28,38,57,5,5
5/20/2014,77,21,27,46,4,3
5/21/2014,62,18,32,45,5,4
5/22/2014,57,20,32,46,4,2
5/23/2014,57,19,26,41,4,
5/24/2014,56,16,29,30,3,
5/25/2014,48,16,15,39,2,
5/26/2014,46,17,21,40,2,3
5/27/2014,48,39,21,30,4,4
5/28/2014,48,22,18,38,4,4
5/29/2014,67,22,24,31,2,3
5/30/2014,59,19,35,41,2,3
5/31/2014,57,24,29,33,3,3
6/1/2014,69,22,28,48,5,4
6/2/2014,66,21,20,43,6,5
6/3/2014,68,20,23,47,7,4
6/4/2014,60,11,22,16,3,3
6/5/2014,34,20,34,48,5,4
6/6/2014,56,23,36,40,5,4
6/7/2014,71,15,36,41,4,4
6/8/2014,57,20,34,46,5,5
6/9/2014,68,16,30,44,6,5
6/10/2014,61,18,28,38,4,3
6/11/2014,55,22,33,42,3,3
6/12/2014,61,24,36,41,4,3
6/13/2014,62,17,28,29,4,3
6/14/2014,54,10,26,21,2,2
6/15/2014,32,13,22,31,4,2
6/16/2014,39,18,29,28,4,2
6/17/2014,44,12,17,34,3,2
6/18/2014,38,21,11,33,3,4
6/19/2014,62,16,25,38,3,3
6/20/2014,46,17,33,35,3,3
6/21/2014,52,20,28,38,3,4
6/22/2014,56,19,25,46,4,4
6/23/2014,77,22,28,38,3,3
6/24/2014,66,12,28,38,2,3
6/25/2014,36,18,28,44,3,4
6/26/2014,48,25,24,48,5,5
6/27/2014,67,16,16,33,5,4
6/28/2014,45,11,24,21,3,2
6/29/2014,32,18,27,44,4,4
6/30/2014,49,16,29,48,4,3
1/1/2014,37,20,27,30,12,6
1/2/2014,46,27,31,29,4,5
1/3/2014,49,18,28,28,3,6
1/4/2014,48,15,23,28,3,6
1/5/2014,44,23,29,27,3,5
1/6/2014,42,30,28,28,3,6
1/7/2014,42,24,22,31,4,6
1/8/2014,36,21,24,31,4,7
1/9/2014,50,27,15,45,6,8
1/10/2014,61,40,3,63,4,9
1/11/2014,106,34,13,38,4,9
1/12/2014,90,23,24,39,5,7
1/13/2014,53,26,18,38,5,8
1/14/2014,58,23,22,34,4,7
1/15/2014,50,24,26,31,5,5
1/16/2014,53,22,28,39,6,4
1/17/2014,56,20,15,33,3,2
1/18/2014,53,23,18,31,4,4
1/19/2014,59,40,3,60,7,8
1/20/2014,99,46,11,53,8,8
1/21/2014,109,29,17,40,5,5
1/22/2014,65,24,17,37,5,4
1/23/2014,63,29,13,47,5,4
1/24/2014,66,22,26,28,4,4
1/25/2014,56,20,26,31,4,4
1/26/2014,49,24,25,43,6,5
1/27/2014,55,21,24,41,4,5
1/28/2014,50,19,16,41,3,8
1/29/2014,53,28,4,45,4,15
1/30/2014,79,22,12,41,6,8
1/31/2014,63,13,24,28,3,4
2/1/2014,26,19,22,30,4,6
2/2/2014,38,19,17,31,2,4
2/3/2014,48,21,26,38,4,6
2/4/2014,52,24,29,36,4,6
2/5/2014,53,23,28,42,5,8
2/6/2014,60,20,25,36,6,7
2/7/2014,54,19,30,23,3,5
2/8/2014,46,20,30,25,3,5
2/9/2014,45,22,20,44,5,7
2/10/2014,54,21,24,43,5,8
2/11/2014,56,20,25,34,8,3
2/12/2014,51,23,27,44,6,4
2/13/2014,52,20,25,40,4,4
2/14/2014,49,21,31,32,4,6
2/15/2014,52,25,21,40,4,6
2/16/2014,62,26,20,41,5,3
2/17/2014,64,29,20,43,6,6
2/18/2014,73,29,16,34,4,4
2/19/2014,76,17,23,23,4,2
2/20/2014,51,24,26,40,5,3
2/21/2014,59,23,26,47,5,5
2/22/2014,53,19,30,33,3,3
2/23/2014,47,25,25,45,5,4
2/24/2014,65,23,30,52,6,4
2/25/2014,56,29,16,56,7,8
2/26/2014,64,25,25,51,6,3
2/27/2014,59,18,16,50,6,1
2/28/2014,52,32,18,41,7,2
3/1/2014,79,20,26,33,7,1
3/2/2014,52,18,23,56,8,3
3/3/2014,51,36,12,64,10,5
3/4/2014,85,45,16,63,9,5
3/5/2014,98,34,27,50,6,5
3/6/2014,76,29,20,47,6,7
3/7/2014,69,,24,21,1,
3/9/2014,94,32,23,42,2,4
3/10/2014,77,29,27,25,1,3
3/11/2014,61,47,11,40,3,4
3/12/2014,109,63,18,50,4,5
3/13/2014,151,69,19,58,7,4
3/14/2014,160,25,30,26,3,2
3/15/2014,65,21,31,28,4,2
3/16/2014,57,32,18,38,7,2
3/17/2014,78,26,26,38,6,3
3/18/2014,63,33,24,44,6,5
3/19/2014,70,32,31,34,5,4
3/20/2014,69,25,30,47,6,7
3/21/2014,57,16,33,29,4,8
3/22/2014,38,15,32,27,4,6
3/23/2014,38,22,29,46,4,8
3/24/2014,58,25,25,47,4,5
3/25/2014,65,26,22,49,3,4
3/26/2014,68,34,19,48,4,3
3/27/2014,86,54,15,45,5,4
3/28/2014,137,52,31,39,4,4
3/29/2014,132,45,29,44,4,4
3/30/2014,113,34,27,50,4,4
3/31/2014,82,45,17,50,6,4
12/31/2019,,41,9,30,2,6
12/31/2018,,15,23,22,1,7
9/7/2017,,5,19,13,2,4
12/31/2015,,27,17,38,6,4
4/8/2015,,59,23,64,3,4
12/31/2014,,28,24,19,3,3
8/10/2014,,19,22,42,6,6
12/31/2013,,16,29,23,6,5
3/8/2014,,42,28,30,3,5
